id,paper_url
10,https://www.sciencedirect.com/science/article/pii/S0304423824004527
11,https://www.sciencedirect.com/science/article/pii/S0268005X2400482X
13,https://www.sciencedirect.com/science/article/pii/S0022474X24000195#tbl1
14,https://link.springer.com/article/10.1007/s10924-022-02411-7
16,https://www.sciencedirect.com/science/article/pii/S2405844024072700#fig1
17,https://www.mdpi.com/1407384
18,https://www.sciencedirect.com/science/article/pii/S2214289423001746
22,https://www-proquest-com.ezproxy.lib.kyushu-u.ac.jp/docview/2387472173?accountid=27835&sourcetype=Scholarly%20Journals
40,https://www.sciencedirect.com/science/article/pii/S0141813021017104
46,https://www.sciencedirect.com/science/article/pii/S0141813021012083
48,https://www.sciencedirect.com/science/article/pii/S0141813024040789#f0005
49,https://www.sciencedirect.com/science/article/pii/S0141813024005579
50,https://www.sciencedirect.com/science/article/pii/S2212429224006849
51,https://www.sciencedirect.com/science/article/pii/S0141813023058312?via%3Dihub
52,https://www.sciencedirect.com/science/article/pii/S0141813024013758
53,https://www.sciencedirect.com/science/article/pii/S0308814624028292
55,https://www.sciencedirect.com/science/article/pii/S0141813024014752
58,https://www.sciencedirect.com/science/article/pii/S0925521405002504
59,https://www.sciencedirect.com/science/article/pii/S0925521419306878#fig0010
60,https://www.sciencedirect.com/science/article/pii/S0300944023003260?via%3Dihub
62,https://www.sciencedirect.com/science/article/abs/pii/S0141813021017104
63,https://www.sciencedirect.com/science/article/pii/S2352364621000055
65,https://www.sciencedirect.com/science/article/pii/S0925521419300894
66,https://www.sciencedirect.com/science/article/pii/S2214289423001746#fig0020
67,https://www.sciencedirect.com/science/article/pii/S2212429223002481#fig6
68,https://www.sciencedirect.com/science/article/pii/S0023643813000492
69,https://www.sciencedirect.com/science/article/pii/S0300944022006440#f0025
70,https://www.sciencedirect.com/science/article/pii/S2214289421001289
71,https://www.sciencedirect.com/science/article/pii/S0268005X18301127#fig1
72,https://www.sciencedirect.com/science/article/pii/S0925521413001646#fig0010
73,https://www.sciencedirect.com/science/article/pii/S0023643813000492
74,https://www.sciencedirect.com/science/article/pii/S092552140600322X#fig7
79,https://www.sciencedirect.com/science/article/pii/S0268005X2400482X
81,https://www.sciencedirect.com/science/article/pii/S0141813024090998
82,https://www.sciencedirect.com/science/article/pii/S0300944022001473#t0005
83,https://www.sciencedirect.com/science/article/pii/S0925521415301812#fig0005
84,http://sciencedirect.com/science/article/pii/S030881462031075X#f0010
85,https://www.scielo.br/j/babt/a/mBcQkLmpjJFBhhcpQ6pGHMz/?lang=en
86,https://www.sciencedirect.com/science/article/pii/S0260877423003357?pes=vor&utm_source=sciencedirect_contenthosting&getft_integrator=sciencedirect_contenthosting#tbl1
87,https://www.sciencedirect.com/science/article/pii/S0717345815000998#t0005
90,https://www.sciencedirect.com/science/article/pii/S0141813025014679
91,https://www.sciencedirect.com/science/article/pii/S0300944023003260#bb0155
94,https://www.sciencedirect.com/science/article/pii/S0141813022029166
96,https://www.sciencedirect.com/science/article/pii/S01418130240391632
97,https://www.sciencedirect.com/science/article/pii/S2214289424000358
98,https://www.sciencedirect.com/science/article/pii/S01418130193278622
99,https://www.sciencedirect.com/science/article/pii/S0956713522002997
102,https://www.sciencedirect.com/science/article/pii/S0141813024044532
105,https://www.sciencedirect.com/science/article/pii/S0141813017300594
106,https://www.sciencedirect.com/science/article/pii/S0304423816306070
109,https://www.sciencedirect.com/science/article/pii/S0268005X18301127
116,https://www.sciencedirect.com/science/article/pii/S0925521415300429
117,https://www.sciencedirect.com/science/article/pii/S0141813024059981
120,https://www.sciencedirect.com/science/article/pii/S0925521413001646
121,https://www.sciencedirect.com/science/article/pii/S0141813024029957
126,https://www.sciencedirect.com/science/article/pii/S030881462401001X
127,https://www.sciencedirect.com/science/article/pii/S030094402400403X
129,https://www.sciencedirect.com/science/article/pii/S0308814608002069
131,https://www.sciencedirect.com/science/article/pii/S2468519423003488
134,https://www.sciencedirect.com/science/article/pii/S014181302303982X
135,https://www.sciencedirect.com/science/article/pii/S092552140900060X
137,https://www.sciencedirect.com/science/article/pii/S092552140400287X
140,https://www.sciencedirect.com/science/article/pii/S1878818123002943
141,https://www.sciencedirect.com/science/article/pii/S092552140600322X
144,https://www.sciencedirect.com/science/article/pii/S2214289416300461
147,https://www.sciencedirect.com/science/article/pii/S092552142200059X
150,https://www.sciencedirect.com/science/article/pii/S092552142031005X
151,https://www.sciencedirect.com/science/article/pii/S0144861723005386
153,https://www.sciencedirect.com/science/article/pii/S0925521404000274
156,https://www.sciencedirect.com/science/article/pii/S0308814624030929
162,https://www.sciencedirect.com/science/article/pii/S0144861723007580
163,https://www.sciencedirect.com/science/article/pii/S0308814625002778
164,https://www.sciencedirect.com/science/article/pii/S0963996922006445
170,https://www.sciencedirect.com/science/article/pii/S0023643820302863
172,https://www.sciencedirect.com/science/article/pii/S0144861724013596
177,https://www.sciencedirect.com/science/article/pii/S2772753X2300165X
178,https://www.sciencedirect.com/science/article/pii/S2212429223009306
182,https://www.sciencedirect.com/science/article/pii/S294982442500045X
184,https://www.sciencedirect.com/science/article/pii/S0141813025035950
185,https://www.sciencedirect.com/science/article/pii/S0141813025032830
198,https://www.sciencedirect.com/science/article/pii/S266615432500167X
199,https://www.sciencedirect.com/science/article/pii/S0023643825002701
201,https://www.sciencedirect.com/org/science/article/pii/S2164632525000034
203,https://www.sciencedirect.com/science/article/pii/S2214289425001279
204,https://www.sciencedirect.com/science/article/pii/S0141813025035457
