experiment_id,composition_id,day,storing_temperature,storing_humidity,storing_day,mass_loss_rate
9,17.0,0.0,25.0,,12.0,0.0
9,17.0,4.0,25.0,,12.0,8.32
9,17.0,8.0,25.0,,12.0,15.57
9,17.0,12.0,25.0,,12.0,21.62
9,18.0,0.0,25.0,,12.0,0.0
9,18.0,4.0,25.0,,12.0,11.68
9,18.0,8.0,25.0,,12.0,20.48
9,18.0,12.0,25.0,,12.0,26.34
9,19.0,0.0,25.0,,12.0,0.0
9,19.0,4.0,25.0,,12.0,9.62
9,19.0,8.0,25.0,,12.0,16.21
9,19.0,12.0,25.0,,12.0,19.81
9,20.0,0.0,25.0,,12.0,0.0
9,20.0,4.0,25.0,,12.0,10.68
9,20.0,8.0,25.0,,12.0,17.18
9,20.0,12.0,25.0,,12.0,20.11
9,21.0,0.0,25.0,,12.0,0.0
9,21.0,4.0,25.0,,12.0,10.11
9,21.0,8.0,25.0,,12.0,17.87
9,21.0,12.0,25.0,,12.0,24.41
10,23.0,0.0,,,20.0,0.0
10,23.0,5.0,,,20.0,3.1
10,23.0,10.0,,,20.0,3.4
10,23.0,15.0,,,20.0,5.0
10,23.0,20.0,,,20.0,7.8
10,24.0,0.0,,,20.0,0.0
10,24.0,5.0,,,20.0,1.8
10,24.0,10.0,,,20.0,2.8
10,24.0,15.0,,,20.0,3.4
10,24.0,20.0,,,20.0,5.4
10,25.0,0.0,,,20.0,0.0
10,25.0,5.0,,,20.0,3.9
10,25.0,10.0,,,20.0,6.2
10,25.0,15.0,,,20.0,7.4
10,25.0,20.0,,,20.0,9.6
10,26.0,0.0,,,20.0,0.0
10,26.0,5.0,,,20.0,4.4
10,26.0,10.0,,,20.0,5.8
10,26.0,15.0,,,20.0,7.3
10,26.0,20.0,,,20.0,9.9
11,27.0,0.0,,,16.0,0.0
11,27.0,4.0,,,16.0,1.3
11,27.0,8.0,,,16.0,2.98
11,27.0,12.0,,,16.0,4.85
11,27.0,16.0,,,16.0,6.05
11,28.0,0.0,,,16.0,0.0
11,28.0,4.0,,,16.0,1.22
11,28.0,8.0,,,16.0,2.67
11,28.0,12.0,,,16.0,4.39
11,28.0,16.0,,,16.0,5.72
11,29.0,0.0,,,16.0,0.0
11,29.0,4.0,,,16.0,0.9
11,29.0,8.0,,,16.0,2.4
11,29.0,12.0,,,16.0,4.19
11,29.0,16.0,,,16.0,5.36
11,30.0,0.0,,,16.0,0.0
11,30.0,4.0,,,16.0,0.82
11,30.0,8.0,,,16.0,1.85
11,30.0,12.0,,,16.0,3.54
11,30.0,16.0,,,16.0,4.73
11,31.0,0.0,,,16.0,0.0
11,31.0,4.0,,,16.0,1.05
11,31.0,8.0,,,16.0,2.19
11,31.0,12.0,,,16.0,3.68
11,31.0,16.0,,,16.0,5.13
11,32.0,0.0,,,16.0,0.0
11,32.0,4.0,,,16.0,0.75
11,32.0,8.0,,,16.0,1.17
11,32.0,12.0,,,16.0,3.2
11,32.0,16.0,,,16.0,4.41
13,34.0,0.0,,,20.0,0.0
13,34.0,5.0,,,20.0,10.2
13,34.0,10.0,,,20.0,23.0
13,34.0,15.0,,,20.0,35.0
13,35.0,0.0,,,20.0,0.0
13,35.0,5.0,,,20.0,4.5
13,35.0,10.0,,,20.0,22.0
13,35.0,15.0,,,20.0,35.0
13,36.0,0.0,,,20.0,0.0
13,36.0,5.0,,,20.0,4.0
13,36.0,10.0,,,20.0,10.0
13,36.0,15.0,,,20.0,16.0
13,36.0,20.0,,,20.0,20.0
13,37.0,0.0,,,20.0,0.0
13,37.0,5.0,,,20.0,3.4
13,37.0,10.0,,,20.0,9.4
13,37.0,15.0,,,20.0,15.2
13,37.0,20.0,,,20.0,19.0
13,38.0,0.0,,,20.0,0.0
13,38.0,5.0,,,20.0,3.4
13,38.0,10.0,,,20.0,8.3
13,38.0,15.0,,,20.0,13.8
13,38.0,20.0,,,20.0,17.9
13,39.0,0.0,,,20.0,0.0
13,39.0,5.0,,,20.0,2.7
13,39.0,10.0,,,20.0,7.5
13,39.0,15.0,,,20.0,13.0
13,39.0,20.0,,,20.0,16.3
13,40.0,0.0,,,20.0,0.0
13,40.0,5.0,,,20.0,1.9
13,40.0,10.0,,,20.0,3.8
13,40.0,15.0,,,20.0,5.9
13,40.0,20.0,,,20.0,7.6
13,41.0,0.0,,,20.0,0.0
13,41.0,5.0,,,20.0,9.1
13,41.0,10.0,,,20.0,20.8
13,41.0,15.0,,,20.0,34.4
13,42.0,0.0,,,20.0,0.0
13,42.0,5.0,,,20.0,8.4
13,42.0,10.0,,,20.0,19.9
13,42.0,15.0,,,20.0,34.1
13,43.0,0.0,,,20.0,0.0
13,43.0,5.0,,,20.0,8.5
13,43.0,10.0,,,20.0,18.4
13,43.0,15.0,,,20.0,29.7
13,44.0,0.0,,,20.0,0.0
13,44.0,5.0,,,20.0,7.0
13,44.0,10.0,,,20.0,19.0
13,44.0,15.0,,,20.0,32.0
13,45.0,0.0,,,20.0,0.0
13,45.0,5.0,,,20.0,7.0
13,45.0,10.0,,,20.0,20.0
13,45.0,15.0,,,20.0,33.7
14,46.0,0.0,4.0,70.0,20.0,0.0
14,46.0,5.0,4.0,70.0,20.0,7.09
14,46.0,10.0,4.0,70.0,20.0,12.0
14,46.0,15.0,4.0,70.0,20.0,29.3
14,46.0,20.0,4.0,70.0,20.0,38.2
14,47.0,0.0,4.0,70.0,20.0,0.0
14,47.0,5.0,4.0,70.0,20.0,6.85
14,47.0,10.0,4.0,70.0,20.0,10.17
14,47.0,15.0,4.0,70.0,20.0,17.14
14,47.0,20.0,4.0,70.0,20.0,23.87
14,48.0,0.0,4.0,70.0,20.0,0.0
14,48.0,5.0,4.0,70.0,20.0,6.41
14,48.0,10.0,4.0,70.0,20.0,10.11
14,48.0,15.0,4.0,70.0,20.0,16.12
14,48.0,20.0,4.0,70.0,20.0,22.62
14,49.0,0.0,4.0,70.0,20.0,0.0
14,49.0,5.0,4.0,70.0,20.0,6.25
14,49.0,10.0,4.0,70.0,20.0,9.57
14,49.0,15.0,4.0,70.0,20.0,15.6
14,49.0,20.0,4.0,70.0,20.0,19.86
14,50.0,0.0,4.0,70.0,20.0,0.0
14,50.0,5.0,4.0,70.0,20.0,5.98
14,50.0,10.0,4.0,70.0,20.0,7.9
14,50.0,15.0,4.0,70.0,20.0,12.17
14,50.0,20.0,4.0,70.0,20.0,16.27
15,51.0,0.0,4.0,,13.0,0.0
15,51.0,4.0,4.0,,13.0,5.0
15,51.0,7.0,4.0,,13.0,5.7
15,51.0,10.0,4.0,,13.0,11.0
15,51.0,13.0,4.0,,13.0,13.0
15,54.0,0.0,4.0,,13.0,0.0
15,54.0,4.0,4.0,,13.0,2.0
15,54.0,7.0,4.0,,13.0,4.0
15,54.0,10.0,4.0,,13.0,5.3
15,54.0,13.0,4.0,,13.0,10.0
17,57.0,2.0,4.0,90.0,7.0,0.8
17,57.0,4.0,4.0,90.0,7.0,1.3
17,57.0,7.0,4.0,90.0,7.0,1.6
17,58.0,2.0,4.0,90.0,7.0,0.7
17,58.0,4.0,4.0,90.0,7.0,1.0
17,58.0,7.0,4.0,90.0,7.0,1.2
17,60.0,2.0,4.0,90.0,7.0,1.14
17,60.0,4.0,4.0,90.0,7.0,1.7
17,60.0,7.0,4.0,90.0,7.0,2.1
16,55.0,0.0,,,,0.0
16,55.0,1.0,,,,4.3
16,55.0,2.0,,,,5.2
16,55.0,3.0,,,,8.3
16,55.0,5.0,,,,10.8
16,59.0,0.0,,,,0.0
16,59.0,1.0,,,,1.5
16,59.0,2.0,,,,2.8
16,59.0,3.0,,,,2.9
16,59.0,5.0,,,,5.8
16,59.0,7.0,,,,6.8
16,61.0,0.0,,,,0.0
16,61.0,1.0,,,,0.4
16,61.0,2.0,,,,1.0
16,61.0,3.0,,,,1.45
16,61.0,5.0,,,,2.8
16,61.0,7.0,,,,3.7
16,62.0,0.0,,,,0.0
16,62.0,1.0,,,,0.4
16,62.0,2.0,,,,1.0
16,62.0,3.0,,,,1.5
16,62.0,5.0,,,,2.9
16,62.0,7.0,,,,3.5
18,63.0,0.0,5.0,85.0,20.0,0.0
18,63.0,5.0,5.0,85.0,20.0,2.03
18,63.0,10.0,5.0,85.0,20.0,3.68
18,63.0,15.0,5.0,85.0,20.0,5.67
18,63.0,20.0,5.0,85.0,20.0,7.57
18,64.0,0.0,5.0,85.0,20.0,0.0
18,64.0,5.0,5.0,85.0,20.0,2.03
18,64.0,10.0,5.0,85.0,20.0,4.2
18,64.0,15.0,5.0,85.0,20.0,6.17
18,64.0,20.0,5.0,85.0,20.0,8.09
18,65.0,0.0,5.0,85.0,20.0,0.0
18,65.0,5.0,5.0,85.0,20.0,1.5
18,65.0,10.0,5.0,85.0,20.0,2.4
18,65.0,15.0,5.0,85.0,20.0,3.68
18,65.0,20.0,5.0,85.0,20.0,5.05
18,66.0,0.0,5.0,85.0,20.0,0.0
18,66.0,5.0,5.0,85.0,20.0,1.71
18,66.0,10.0,5.0,85.0,20.0,3.5
18,66.0,15.0,5.0,85.0,20.0,4.87
18,66.0,20.0,5.0,85.0,20.0,6.94
18,67.0,0.0,5.0,85.0,20.0,0.0
18,67.0,5.0,5.0,85.0,20.0,2.33
18,67.0,10.0,5.0,85.0,20.0,4.7
18,67.0,15.0,5.0,85.0,20.0,6.77
18,67.0,20.0,5.0,85.0,20.0,8.59
18,68.0,0.0,5.0,85.0,20.0,0.0
18,68.0,5.0,5.0,85.0,20.0,1.6
18,68.0,10.0,5.0,85.0,20.0,3.5
18,68.0,15.0,5.0,85.0,20.0,5.42
18,68.0,20.0,5.0,85.0,20.0,6.97
18,69.0,0.0,5.0,85.0,20.0,0.0
18,69.0,5.0,5.0,85.0,20.0,0.8
18,69.0,10.0,5.0,85.0,20.0,2.3
18,69.0,15.0,5.0,85.0,20.0,4.1
18,69.0,20.0,5.0,85.0,20.0,5.8
21,81.0,0.0,25.0,80.0,30.0,0.0
21,81.0,10.0,25.0,80.0,30.0,11.42
21,81.0,20.0,25.0,80.0,30.0,19.0
21,81.0,30.0,25.0,80.0,30.0,18.87
21,82.0,0.0,25.0,80.0,30.0,0.0
21,82.0,10.0,25.0,80.0,30.0,8.39
21,82.0,20.0,25.0,80.0,30.0,18.08
21,82.0,30.0,25.0,80.0,30.0,18.49
21,83.0,0.0,25.0,80.0,30.0,0.0
21,83.0,10.0,25.0,80.0,30.0,5.0
21,83.0,20.0,25.0,80.0,30.0,8.17
21,83.0,30.0,25.0,80.0,30.0,11.83
21,84.0,0.0,25.0,80.0,30.0,0.0
21,84.0,10.0,25.0,80.0,30.0,11.63
21,84.0,20.0,25.0,80.0,30.0,20.97
21,84.0,30.0,25.0,80.0,30.0,22.81
22,85.0,0.0,,,,0.0
22,85.0,3.0,,,,3.44
22,85.0,6.0,,,,4.62
22,85.0,9.0,,,,4.98
22,86.0,0.0,,,,0.0
22,86.0,3.0,,,,0.52
22,86.0,6.0,,,,2.13
22,86.0,9.0,,,,2.92
22,87.0,0.0,,,,0.0
22,87.0,3.0,,,,0.54
22,87.0,6.0,,,,1.0
22,87.0,9.0,,,,1.5
22,88.0,0.0,,,,0.0
22,88.0,3.0,,,,0.96
22,88.0,6.0,,,,1.5
22,88.0,9.0,,,,1.56
24,91.0,16.0,30.0,75.0,16.0,7.76
24,92.0,16.0,30.0,75.0,16.0,6.97
24,93.0,16.0,30.0,75.0,16.0,6.3
24,94.0,16.0,30.0,75.0,16.0,4.9
24,95.0,16.0,30.0,75.0,16.0,6.23
32,106.0,0.0,,,7.0,0.0
32,106.0,1.0,,,7.0,1.0
32,106.0,3.0,,,7.0,2.0
32,106.0,5.0,,,7.0,4.0
32,106.0,7.0,,,7.0,5.0
32,107.0,0.0,,,7.0,0.0
32,107.0,1.0,,,7.0,1.0
32,107.0,3.0,,,7.0,2.0
32,107.0,5.0,,,7.0,4.0
32,107.0,7.0,,,7.0,5.0
32,108.0,0.0,,,7.0,0.0
32,108.0,1.0,,,7.0,1.0
32,108.0,3.0,,,7.0,2.0
32,108.0,5.0,,,7.0,4.0
32,108.0,7.0,,,7.0,5.0
40,124.0,0.0,,,,0.0
40,124.0,5.0,,,,3.0
40,124.0,10.0,,,,8.0
40,124.0,15.0,,,,14.0
40,125.0,0.0,,,,0.0
40,125.0,5.0,,,,2.8
40,125.0,10.0,,,,6.5
40,125.0,15.0,,,,9.5
40,126.0,0.0,,,,0.0
40,126.0,5.0,,,,3.0
40,126.0,10.0,,,,7.0
40,126.0,15.0,,,,12.0
40,127.0,0.0,,,,0.0
40,127.0,5.0,,,,3.2
40,127.0,10.0,,,,6.0
40,127.0,15.0,,,,9.0
42,130.0,0.0,5.0,50.0,16.0,0.0
42,130.0,4.0,5.0,50.0,16.0,6.45
42,130.0,8.0,5.0,50.0,16.0,12.45
42,130.0,12.0,5.0,50.0,16.0,23.5
42,130.0,16.0,5.0,50.0,16.0,28.61
42,131.0,0.0,5.0,50.0,16.0,0.0
42,131.0,4.0,5.0,50.0,16.0,3.07
42,131.0,8.0,5.0,50.0,16.0,3.32
42,131.0,12.0,5.0,50.0,16.0,2.87
42,131.0,16.0,5.0,50.0,16.0,9.01
42,132.0,,5.0,50.0,16.0,0.0
42,132.0,4.0,5.0,50.0,16.0,5.56
42,132.0,8.0,5.0,50.0,16.0,7.73
42,132.0,12.0,5.0,50.0,16.0,6.96
42,132.0,16.0,5.0,50.0,16.0,7.98
42,133.0,0.0,5.0,50.0,16.0,0.0
42,133.0,4.0,5.0,50.0,16.0,1.66
42,133.0,8.0,5.0,50.0,16.0,3.58
42,133.0,12.0,5.0,50.0,16.0,4.85
42,133.0,16.0,5.0,50.0,16.0,7.47
42,134.0,0.0,5.0,50.0,16.0,0.0
42,134.0,4.0,5.0,50.0,16.0,0.96
42,134.0,8.0,5.0,50.0,16.0,3.26
42,134.0,12.0,5.0,50.0,16.0,4.53
42,134.0,16.0,5.0,50.0,16.0,6.51
45,141.0,0.0,4.0,85.0,12.0,0.0
45,141.0,3.0,4.0,85.0,12.0,0.83
45,141.0,6.0,4.0,85.0,12.0,2.92
45,141.0,9.0,4.0,85.0,12.0,2.51
45,141.0,12.0,4.0,85.0,12.0,8.06
45,143.0,0.0,4.0,85.0,12.0,0.0
45,143.0,3.0,4.0,85.0,12.0,6.96
45,143.0,6.0,4.0,85.0,12.0,2.91
45,143.0,9.0,4.0,85.0,12.0,6.57
45,143.0,12.0,4.0,85.0,12.0,5.4
45,144.0,0.0,4.0,85.0,12.0,0.0
45,144.0,3.0,4.0,85.0,12.0,4.93
45,144.0,6.0,4.0,85.0,12.0,4.64
45,144.0,9.0,4.0,85.0,12.0,1.31
45,144.0,12.0,4.0,85.0,12.0,1.7
45,145.0,0.0,4.0,85.0,12.0,0.0
45,145.0,3.0,4.0,85.0,12.0,6.59
45,145.0,6.0,4.0,85.0,12.0,1.02
45,145.0,9.0,4.0,85.0,12.0,1.8
45,145.0,12.0,4.0,85.0,12.0,4.6
45,147.0,0.0,4.0,85.0,12.0,0.0
45,147.0,3.0,4.0,85.0,12.0,0.64
45,147.0,6.0,4.0,85.0,12.0,1.74
45,147.0,9.0,4.0,85.0,12.0,3.46
45,147.0,12.0,4.0,85.0,12.0,7.24
46,148.0,0.0,4.0,,12.0,0.0
46,148.0,4.0,4.0,,12.0,2.1
46,148.0,8.0,4.0,,12.0,6.3
46,148.0,12.0,4.0,,12.0,9.0
46,149.0,0.0,4.0,,12.0,0.0
46,149.0,4.0,4.0,,12.0,2.0
46,149.0,8.0,4.0,,12.0,5.0
46,149.0,12.0,4.0,,12.0,8.0
46,150.0,0.0,4.0,,12.0,0.0
46,150.0,4.0,4.0,,12.0,2.2
46,150.0,8.0,4.0,,12.0,5.5
46,150.0,12.0,4.0,,12.0,9.1
46,151.0,0.0,4.0,,12.0,0.0
46,151.0,4.0,4.0,,12.0,2.2
46,151.0,8.0,4.0,,12.0,9.5
46,151.0,12.0,4.0,,12.0,10.1
48,153.0,0.0,28.0,80.0,8.0,0.0
48,153.0,2.0,28.0,80.0,8.0,8.55
48,153.0,4.0,28.0,80.0,8.0,20.15
48,153.0,6.0,28.0,80.0,8.0,25.61
48,153.0,8.0,28.0,80.0,8.0,47.55
48,157.0,0.0,28.0,80.0,8.0,0.0
48,157.0,2.0,28.0,80.0,8.0,6.53
48,157.0,4.0,28.0,80.0,8.0,17.65
48,157.0,6.0,28.0,80.0,8.0,21.34
48,157.0,8.0,28.0,80.0,8.0,31.55
48,158.0,0.0,28.0,80.0,8.0,0.0
48,158.0,2.0,28.0,80.0,8.0,5.41
48,158.0,4.0,28.0,80.0,8.0,7.65
48,158.0,6.0,28.0,80.0,8.0,16.85
48,158.0,8.0,28.0,80.0,8.0,25.15
48,159.0,0.0,28.0,80.0,8.0,0.0
48,159.0,2.0,28.0,80.0,8.0,5.59
48,159.0,4.0,28.0,80.0,8.0,8.49
48,159.0,6.0,28.0,80.0,8.0,13.91
48,159.0,8.0,28.0,80.0,8.0,22.85
48,160.0,0.0,28.0,80.0,8.0,0.0
48,160.0,2.0,28.0,80.0,8.0,4.71
48,160.0,4.0,28.0,80.0,8.0,8.75
48,160.0,6.0,28.0,80.0,8.0,17.79
48,160.0,8.0,28.0,80.0,8.0,30.85
49,154.0,0.0,25.0,,7.0,0.0
49,154.0,1.0,25.0,,7.0,2.5
49,154.0,2.0,25.0,,7.0,11.7
49,154.0,3.0,25.0,,7.0,17.0
49,154.0,4.0,25.0,,7.0,24.67
49,154.0,5.0,25.0,,7.0,33.65
49,154.0,6.0,25.0,,7.0,42.28
49,154.0,7.0,25.0,,7.0,51.6
49,155.0,0.0,25.0,,7.0,0.0
49,155.0,1.0,25.0,,7.0,4.67
49,155.0,2.0,25.0,,7.0,11.6
49,155.0,3.0,25.0,,7.0,17.8
49,155.0,4.0,25.0,,7.0,23.7
49,155.0,5.0,25.0,,7.0,31.3
49,155.0,6.0,25.0,,7.0,39.9
49,155.0,7.0,25.0,,7.0,49.6
49,156.0,0.0,25.0,,7.0,0.0
49,156.0,1.0,25.0,,7.0,4.0
49,156.0,2.0,25.0,,7.0,9.4
49,156.0,3.0,25.0,,7.0,14.25
49,156.0,4.0,25.0,,7.0,18.4
49,156.0,5.0,25.0,,7.0,23.1
49,156.0,6.0,25.0,,7.0,28.1
49,156.0,7.0,25.0,,7.0,34.4
49,161.0,0.0,25.0,,7.0,0.0
49,161.0,1.0,25.0,,7.0,5.0
49,161.0,2.0,25.0,,7.0,10.8
49,161.0,3.0,25.0,,7.0,15.45
49,161.0,4.0,25.0,,7.0,20.12
49,161.0,5.0,25.0,,7.0,26.0
49,161.0,6.0,25.0,,7.0,35.1
49,161.0,7.0,25.0,,7.0,44.0
49,162.0,0.0,25.0,,7.0,0.0
49,162.0,1.0,25.0,,7.0,4.4
49,162.0,2.0,25.0,,7.0,9.58
49,162.0,3.0,25.0,,7.0,14.1
49,162.0,4.0,25.0,,7.0,18.3
49,162.0,5.0,25.0,,7.0,23.2
49,162.0,6.0,25.0,,7.0,28.0
49,162.0,7.0,25.0,,7.0,35.4
49,163.0,0.0,25.0,,7.0,0.0
49,163.0,1.0,25.0,,7.0,3.0
49,163.0,2.0,25.0,,7.0,9.2
49,163.0,3.0,25.0,,7.0,14.0
49,163.0,4.0,25.0,,7.0,18.4
49,163.0,5.0,25.0,,7.0,23.1
49,163.0,6.0,25.0,,7.0,27.7
49,163.0,7.0,25.0,,7.0,32.3
50,164.0,0.0,25.0,,4.0,0.0
50,164.0,1.0,25.0,,4.0,6.17
50,164.0,2.0,25.0,,4.0,12.29
50,164.0,3.0,25.0,,4.0,22.51
50,164.0,4.0,25.0,,4.0,33.16
50,165.0,0.0,25.0,,4.0,0.0
50,165.0,1.0,25.0,,4.0,3.62
50,165.0,2.0,25.0,,4.0,7.76
50,165.0,3.0,25.0,,4.0,13.82
50,165.0,4.0,25.0,,4.0,20.5
50,166.0,0.0,25.0,,4.0,0.0
50,166.0,1.0,25.0,,4.0,3.55
50,166.0,2.0,25.0,,4.0,6.63
50,166.0,3.0,25.0,,4.0,10.99
50,166.0,4.0,25.0,,4.0,14.42
50,167.0,0.0,25.0,,4.0,0.0
50,167.0,1.0,25.0,,4.0,2.84
50,167.0,2.0,25.0,,4.0,6.0
50,167.0,3.0,25.0,,4.0,10.42
50,167.0,4.0,25.0,,4.0,14.7
51,168.0,0.0,5.0,,15.0,0.0
51,168.0,3.0,5.0,,15.0,1.24
51,168.0,6.0,5.0,,15.0,2.71
51,168.0,9.0,5.0,,15.0,3.94
51,168.0,12.0,5.0,,15.0,6.43
51,168.0,15.0,5.0,,15.0,8.25
51,170.0,0.0,5.0,,15.0,0.0
51,170.0,3.0,5.0,,15.0,0.45
51,170.0,6.0,5.0,,15.0,0.92
51,170.0,9.0,5.0,,15.0,1.95
51,170.0,12.0,5.0,,15.0,3.95
51,170.0,15.0,5.0,,15.0,5.51
51,171.0,0.0,5.0,,15.0,0.0
51,171.0,3.0,5.0,,15.0,0.31
51,171.0,6.0,5.0,,15.0,0.87
51,171.0,9.0,5.0,,15.0,1.35
51,171.0,12.0,5.0,,15.0,2.72
51,171.0,15.0,5.0,,15.0,3.87
51,172.0,0.0,5.0,,15.0,0.0
51,172.0,3.0,5.0,,15.0,0.22
51,172.0,6.0,5.0,,15.0,0.65
51,172.0,9.0,5.0,,15.0,1.21
51,172.0,12.0,5.0,,15.0,1.95
51,172.0,15.0,5.0,,15.0,2.86
51,173.0,0.0,5.0,,15.0,0.0
51,173.0,3.0,5.0,,15.0,0.16
51,173.0,6.0,5.0,,15.0,0.39
51,173.0,9.0,5.0,,15.0,0.94
51,173.0,12.0,5.0,,15.0,1.44
51,173.0,15.0,5.0,,15.0,2.03
52,174.0,0.0,4.0,,14.0,0.0
52,174.0,2.0,4.0,,14.0,0.66
52,174.0,4.0,4.0,,14.0,2.36
52,174.0,6.0,4.0,,14.0,5.11
52,174.0,8.0,4.0,,14.0,5.77
52,174.0,10.0,4.0,,14.0,7.87
52,174.0,12.0,4.0,,14.0,9.09
52,174.0,14.0,4.0,,14.0,11.62
52,175.0,0.0,4.0,,14.0,0.0
52,175.0,2.0,4.0,,14.0,0.39
52,175.0,4.0,4.0,,14.0,1.78
52,175.0,6.0,4.0,,14.0,4.56
52,175.0,8.0,4.0,,14.0,4.97
52,175.0,10.0,4.0,,14.0,7.26
52,175.0,12.0,4.0,,14.0,7.98
52,175.0,14.0,4.0,,14.0,11.34
52,176.0,0.0,4.0,,14.0,0.0
52,176.0,2.0,4.0,,14.0,0.75
52,176.0,4.0,4.0,,14.0,2.27
52,176.0,6.0,4.0,,14.0,4.68
52,176.0,8.0,4.0,,14.0,5.34
52,176.0,10.0,4.0,,14.0,7.02
52,176.0,12.0,4.0,,14.0,8.2
52,176.0,14.0,4.0,,14.0,11.16
52,177.0,0.0,4.0,,14.0,0.0
52,177.0,2.0,4.0,,14.0,0.48
52,177.0,4.0,4.0,,14.0,0.99
52,177.0,6.0,4.0,,14.0,3.55
52,177.0,8.0,4.0,,14.0,4.06
52,177.0,10.0,4.0,,14.0,5.64
52,177.0,12.0,4.0,,14.0,7.28
52,177.0,14.0,4.0,,14.0,10.91
52,178.0,0.0,4.0,,14.0,0.0
52,178.0,2.0,4.0,,14.0,0.2
52,178.0,4.0,4.0,,14.0,0.99
52,178.0,6.0,4.0,,14.0,3.12
52,178.0,8.0,4.0,,14.0,3.84
52,178.0,10.0,4.0,,14.0,5.79
52,178.0,12.0,4.0,,14.0,6.82
52,178.0,14.0,4.0,,14.0,10.15
53,179.0,0.0,25.0,5.0,14.0,0.07
53,179.0,2.0,25.0,5.0,14.0,6.47
53,179.0,4.0,25.0,5.0,14.0,12.32
53,179.0,6.0,25.0,5.0,14.0,17.95
53,179.0,8.0,25.0,5.0,14.0,23.87
55,187.0,1.0,12.5,,7.0,0.7
55,187.0,2.0,12.5,,7.0,1.59
55,187.0,3.0,12.5,,7.0,2.13
55,187.0,4.0,12.5,,7.0,2.65
55,187.0,5.0,12.5,,7.0,3.3
55,187.0,6.0,12.5,,7.0,3.75
55,187.0,7.0,12.5,,7.0,4.23
55,189.0,1.0,12.5,,7.0,0.63
55,189.0,2.0,12.5,,7.0,1.24
55,189.0,3.0,12.5,,7.0,1.92
55,189.0,4.0,12.5,,7.0,2.51
55,189.0,5.0,12.5,,7.0,2.85
55,189.0,6.0,12.5,,7.0,3.21
55,189.0,7.0,12.5,,7.0,3.59
55,190.0,1.0,12.5,,7.0,1.11
55,190.0,2.0,12.5,,7.0,1.79
55,190.0,3.0,12.5,,7.0,2.33
55,190.0,4.0,12.5,,7.0,2.88
55,190.0,5.0,12.5,,7.0,3.56
55,190.0,6.0,12.5,,7.0,4.0
55,190.0,7.0,12.5,,7.0,4.36
53,180.0,0.0,25.0,5.0,14.0,0.07
53,180.0,2.0,25.0,5.0,14.0,5.43
53,180.0,4.0,25.0,5.0,14.0,10.51
53,180.0,6.0,25.0,5.0,14.0,14.54
53,180.0,8.0,25.0,5.0,14.0,19.41
53,180.0,10.0,25.0,5.0,14.0,22.75
53,181.0,0.0,25.0,5.0,14.0,0.07
53,181.0,2.0,25.0,5.0,14.0,5.43
53,181.0,4.0,25.0,5.0,14.0,10.51
53,181.0,6.0,25.0,5.0,14.0,13.85
53,181.0,8.0,25.0,5.0,14.0,19.13
53,181.0,10.0,25.0,5.0,14.0,22.27
53,182.0,0.0,25.0,5.0,14.0,0.07
53,182.0,2.0,25.0,5.0,14.0,5.43
53,182.0,4.0,25.0,5.0,14.0,10.58
53,182.0,6.0,25.0,5.0,14.0,13.71
53,182.0,8.0,25.0,5.0,14.0,18.37
53,182.0,10.0,25.0,5.0,14.0,22.06
53,182.0,12.0,25.0,5.0,14.0,25.33
53,182.0,14.0,25.0,5.0,14.0,28.46
53,183.0,0.0,25.0,5.0,14.0,0.07
53,183.0,2.0,25.0,5.0,14.0,5.29
53,183.0,4.0,25.0,5.0,14.0,10.51
53,183.0,6.0,25.0,5.0,14.0,14.26
53,183.0,8.0,25.0,5.0,14.0,19.2
53,183.0,10.0,25.0,5.0,14.0,25.05
53,183.0,12.0,25.0,5.0,14.0,21.36
53,183.0,14.0,25.0,5.0,14.0,28.46
57,194.0,0.0,4.0,55.0,8.0,3.5
57,194.0,2.0,4.0,55.0,8.0,6.8
57,194.0,4.0,4.0,55.0,8.0,9.4
57,194.0,6.0,4.0,55.0,8.0,12.6
57,194.0,8.0,4.0,55.0,8.0,15.2
58,198.0,0.0,20.0,70.0,4.0,0.0
58,198.0,1.0,20.0,70.0,4.0,6.5
58,198.0,2.0,20.0,70.0,4.0,11.5
58,198.0,3.0,20.0,70.0,4.0,17.4
58,198.0,4.0,20.0,70.0,4.0,22.5
58,199.0,0.0,20.0,70.0,4.0,0.0
58,199.0,1.0,20.0,70.0,4.0,7.8
58,199.0,2.0,20.0,70.0,4.0,14.2
58,199.0,3.0,20.0,70.0,4.0,23.5
58,199.0,4.0,20.0,70.0,4.0,29.7
58,200.0,0.0,20.0,70.0,4.0,0.0
58,200.0,1.0,20.0,70.0,4.0,6.2
58,200.0,2.0,20.0,70.0,4.0,12.3
58,200.0,3.0,20.0,70.0,4.0,17.7
58,200.0,4.0,20.0,70.0,4.0,23.3
58,201.0,0.0,20.0,70.0,4.0,0.0
58,201.0,1.0,20.0,70.0,4.0,6.0
58,201.0,2.0,20.0,70.0,4.0,15.3
58,201.0,3.0,20.0,70.0,4.0,25.2
58,201.0,4.0,20.0,70.0,4.0,31.6
59,202.0,0.0,4.0,90.0,15.0,0.0
59,202.0,3.0,4.0,90.0,15.0,4.57
59,202.0,6.0,4.0,90.0,15.0,7.46
59,203.0,0.0,4.0,90.0,15.0,0.0
59,203.0,3.0,4.0,90.0,15.0,0.71
59,203.0,6.0,4.0,90.0,15.0,4.6
59,203.0,9.0,4.0,90.0,15.0,7.03
59,204.0,0.0,4.0,90.0,15.0,0.0
59,204.0,3.0,4.0,90.0,15.0,1.08
59,204.0,6.0,4.0,90.0,15.0,4.6
59,204.0,9.0,4.0,90.0,15.0,7.08
59,205.0,0.0,4.0,90.0,15.0,0.0
59,205.0,3.0,4.0,90.0,15.0,0.37
59,205.0,6.0,4.0,90.0,15.0,2.83
59,205.0,9.0,4.0,90.0,15.0,4.08
59,205.0,12.0,4.0,90.0,15.0,5.01
59,205.0,15.0,4.0,90.0,15.0,8.45
59,206.0,0.0,4.0,90.0,15.0,0.0
59,206.0,3.0,4.0,90.0,15.0,0.96
59,206.0,6.0,4.0,90.0,15.0,3.1
59,206.0,9.0,4.0,90.0,15.0,5.31
59,206.0,12.0,4.0,90.0,15.0,8.24
59,206.0,15.0,4.0,90.0,15.0,11.2
59,210.0,0.0,4.0,90.0,15.0,0.0
59,210.0,3.0,4.0,90.0,15.0,3.42
59,210.0,6.0,4.0,90.0,15.0,6.67
59,210.0,9.0,4.0,90.0,15.0,12.2
60,207.0,0.0,2.0,70.0,24.0,0.0
60,207.0,4.0,2.0,70.0,24.0,1.2
60,207.0,8.0,2.0,70.0,24.0,2.73
60,207.0,12.0,2.0,70.0,24.0,4.15
60,207.0,16.0,2.0,70.0,24.0,5.26
60,207.0,20.0,2.0,70.0,24.0,7.05
60,207.0,24.0,2.0,70.0,24.0,8.11
60,208.0,0.0,2.0,70.0,24.0,0.0
60,208.0,4.0,2.0,70.0,24.0,1.07
60,208.0,8.0,2.0,70.0,24.0,1.86
60,208.0,12.0,2.0,70.0,24.0,2.65
60,208.0,16.0,2.0,70.0,24.0,3.67
60,208.0,20.0,2.0,70.0,24.0,4.9
60,208.0,24.0,2.0,70.0,24.0,5.83
60,209.0,0.0,2.0,70.0,24.0,0.0
60,209.0,4.0,2.0,70.0,24.0,1.06
60,209.0,8.0,2.0,70.0,24.0,2.21
60,209.0,12.0,2.0,70.0,24.0,3.32
60,209.0,16.0,2.0,70.0,24.0,4.5
60,209.0,20.0,2.0,70.0,24.0,5.98
60,209.0,24.0,2.0,70.0,24.0,6.93
62,224.0,0.0,4.0,85.0,15.0,0.0
62,224.0,5.0,4.0,85.0,15.0,2.9
62,224.0,10.0,4.0,85.0,15.0,8.25
62,224.0,15.0,4.0,85.0,15.0,14.04
62,225.0,0.0,4.0,85.0,15.0,0.0
62,225.0,5.0,4.0,85.0,15.0,2.74
62,225.0,10.0,4.0,85.0,15.0,6.42
62,225.0,15.0,4.0,85.0,15.0,9.7
62,226.0,0.0,4.0,85.0,15.0,0.0
62,226.0,5.0,4.0,85.0,15.0,2.93
62,226.0,10.0,4.0,85.0,15.0,7.1
62,226.0,15.0,4.0,85.0,15.0,11.83
62,227.0,0.0,4.0,85.0,15.0,0.0
62,227.0,5.0,4.0,85.0,15.0,3.15
62,227.0,10.0,4.0,85.0,15.0,5.93
62,227.0,15.0,4.0,85.0,15.0,8.95
63,230.0,0.0,4.0,80.0,16.0,0.0
63,230.0,4.0,4.0,80.0,16.0,2.3
63,230.0,8.0,4.0,80.0,16.0,4.52
63,230.0,12.0,4.0,80.0,16.0,4.7
63,230.0,16.0,4.0,80.0,16.0,5.88
63,231.0,0.0,4.0,80.0,16.0,0.0
63,231.0,4.0,4.0,80.0,16.0,1.99
63,231.0,8.0,4.0,80.0,16.0,2.09
63,231.0,12.0,4.0,80.0,16.0,3.09
63,231.0,16.0,4.0,80.0,16.0,3.81
63,233.0,0.0,4.0,80.0,16.0,0.0
63,233.0,4.0,4.0,80.0,16.0,1.55
63,233.0,8.0,4.0,80.0,16.0,2.22
63,233.0,12.0,4.0,80.0,16.0,2.31
63,233.0,16.0,4.0,80.0,16.0,4.04
63,234.0,0.0,4.0,80.0,16.0,0.0
63,234.0,4.0,4.0,80.0,16.0,1.41
63,234.0,8.0,4.0,80.0,16.0,3.01
63,234.0,12.0,4.0,80.0,16.0,3.88
63,234.0,16.0,4.0,80.0,16.0,4.0
63,235.0,0.0,4.0,80.0,16.0,0.0
63,235.0,4.0,4.0,80.0,16.0,1.45
63,235.0,8.0,4.0,80.0,16.0,2.41
63,235.0,12.0,4.0,80.0,16.0,3.77
63,235.0,16.0,4.0,80.0,16.0,3.66
65,244.0,4.0,,,,2.37
65,244.0,8.0,,,,3.61
65,244.0,12.0,,,,4.86
65,244.0,16.0,,,,6.19
65,245.0,4.0,,,,1.58
65,245.0,8.0,,,,2.53
65,245.0,12.0,,,,3.41
65,245.0,16.0,,,,4.54
65,246.0,4.0,,,,1.14
65,246.0,8.0,,,,2.58
65,246.0,12.0,,,,3.41
65,246.0,16.0,,,,4.2
65,247.0,4.0,,,,1.05
65,247.0,8.0,,,,2.07
65,247.0,12.0,,,,2.92
65,247.0,16.0,,,,3.75
65,248.0,4.0,,,,0.93
65,248.0,8.0,,,,2.36
65,248.0,12.0,,,,3.14
65,248.0,16.0,,,,3.78
65,249.0,4.0,,,,0.9
65,249.0,8.0,,,,2.29
65,249.0,12.0,,,,3.05
65,249.0,16.0,,,,3.83
65,250.0,4.0,,,,0.8
65,250.0,8.0,,,,2.08
65,250.0,12.0,,,,2.92
65,250.0,16.0,,,,3.64
66,251.0,0.0,5.0,85.0,20.0,0.0
66,251.0,5.0,5.0,85.0,20.0,2.1
66,251.0,10.0,5.0,85.0,20.0,3.73
66,251.0,15.0,5.0,85.0,20.0,5.73
66,251.0,20.0,5.0,85.0,20.0,7.66
66,252.0,0.0,5.0,85.0,20.0,0.0
66,252.0,5.0,5.0,85.0,20.0,2.15
66,252.0,10.0,5.0,85.0,20.0,4.29
66,252.0,15.0,5.0,85.0,20.0,6.22
66,252.0,20.0,5.0,85.0,20.0,8.11
66,253.0,0.0,5.0,85.0,20.0,0.0
66,253.0,5.0,5.0,85.0,20.0,1.52
66,253.0,10.0,5.0,85.0,20.0,2.45
66,253.0,15.0,5.0,85.0,20.0,3.66
66,253.0,20.0,5.0,85.0,20.0,5.07
66,258.0,0.0,5.0,85.0,20.0,0.0
66,258.0,5.0,5.0,85.0,20.0,1.71
66,258.0,10.0,5.0,85.0,20.0,3.53
66,258.0,15.0,5.0,85.0,20.0,4.92
66,258.0,20.0,5.0,85.0,20.0,6.96
66,259.0,0.0,5.0,85.0,20.0,0.0
66,259.0,5.0,5.0,85.0,20.0,2.39
66,259.0,10.0,5.0,85.0,20.0,4.79
66,259.0,15.0,5.0,85.0,20.0,6.83
66,259.0,20.0,5.0,85.0,20.0,8.68
66,260.0,0.0,5.0,85.0,20.0,0.0
66,260.0,5.0,5.0,85.0,20.0,1.65
66,260.0,10.0,5.0,85.0,20.0,3.64
66,260.0,15.0,5.0,85.0,20.0,5.47
66,260.0,20.0,5.0,85.0,20.0,6.98
66,261.0,0.0,5.0,85.0,20.0,0.0
66,261.0,5.0,5.0,85.0,20.0,0.95
66,261.0,10.0,5.0,85.0,20.0,2.34
66,261.0,15.0,5.0,85.0,20.0,4.19
66,261.0,20.0,5.0,85.0,20.0,5.83
68,263.0,0.0,20.0,35.0,7.0,0.0
68,263.0,1.0,20.0,35.0,7.0,7.35
68,263.0,2.0,20.0,35.0,7.0,15.28
68,263.0,3.0,20.0,35.0,7.0,24.05
68,263.0,5.0,20.0,35.0,7.0,36.49
68,263.0,7.0,20.0,35.0,7.0,48.82
68,264.0,0.0,20.0,35.0,7.0,0.0
68,264.0,1.0,20.0,35.0,7.0,3.79
68,264.0,2.0,20.0,35.0,7.0,9.48
68,264.0,3.0,20.0,35.0,7.0,16.59
68,264.0,5.0,20.0,35.0,7.0,26.07
68,264.0,7.0,20.0,35.0,7.0,37.44
68,266.0,0.0,20.0,35.0,7.0,0.0
68,266.0,1.0,20.0,35.0,7.0,2.61
68,266.0,2.0,20.0,35.0,7.0,6.4
68,266.0,3.0,20.0,35.0,7.0,10.43
68,266.0,5.0,20.0,35.0,7.0,17.77
68,266.0,7.0,20.0,35.0,7.0,26.66
68,267.0,0.0,20.0,35.0,7.0,0.0
68,267.0,1.0,20.0,35.0,7.0,4.98
68,267.0,2.0,20.0,35.0,7.0,9.0
68,267.0,3.0,20.0,35.0,7.0,13.63
68,267.0,5.0,20.0,35.0,7.0,19.79
68,267.0,7.0,20.0,35.0,7.0,27.73
68,268.0,0.0,20.0,35.0,7.0,0.0
68,268.0,1.0,20.0,35.0,7.0,3.08
68,268.0,2.0,20.0,35.0,7.0,7.46
68,268.0,3.0,20.0,35.0,7.0,13.27
68,268.0,5.0,20.0,35.0,7.0,22.87
68,268.0,7.0,20.0,35.0,7.0,33.53
67,262.0,0.0,24.0,60.0,5.0,0.0
67,262.0,1.0,24.0,60.0,5.0,2.69
67,262.0,2.0,24.0,60.0,5.0,15.52
67,262.0,3.0,24.0,60.0,5.0,22.09
67,262.0,4.0,24.0,60.0,5.0,24.85
67,262.0,5.0,24.0,60.0,5.0,25.22
67,269.0,0.0,24.0,60.0,5.0,0.0
67,269.0,1.0,24.0,60.0,5.0,3.13
67,269.0,2.0,24.0,60.0,5.0,11.04
67,269.0,3.0,24.0,60.0,5.0,20.07
67,269.0,4.0,24.0,60.0,5.0,20.52
67,269.0,5.0,24.0,60.0,5.0,22.16
67,270.0,0.0,24.0,60.0,5.0,0.0
67,270.0,1.0,24.0,60.0,5.0,3.81
67,270.0,2.0,24.0,60.0,5.0,8.66
67,270.0,3.0,24.0,60.0,5.0,17.01
67,270.0,4.0,24.0,60.0,5.0,17.76
67,270.0,5.0,24.0,60.0,5.0,17.99
67,272.0,0.0,24.0,60.0,5.0,0.0
67,272.0,1.0,24.0,60.0,5.0,3.51
67,272.0,2.0,24.0,60.0,5.0,8.73
67,272.0,3.0,24.0,60.0,5.0,16.27
67,272.0,4.0,24.0,60.0,5.0,16.42
67,272.0,5.0,24.0,60.0,5.0,16.19
67,273.0,0.0,24.0,60.0,5.0,0.0
67,273.0,1.0,24.0,60.0,5.0,3.66
67,273.0,2.0,24.0,60.0,5.0,7.09
67,273.0,3.0,24.0,60.0,5.0,16.27
67,273.0,4.0,24.0,60.0,5.0,15.75
67,273.0,5.0,24.0,60.0,5.0,15.22
69,274.0,0.0,4.0,85.0,16.0,0.0
69,274.0,4.0,4.0,85.0,16.0,0.95
69,274.0,8.0,4.0,85.0,16.0,1.4
69,274.0,12.0,4.0,85.0,16.0,1.86
69,274.0,16.0,4.0,85.0,16.0,2.41
69,275.0,0.0,4.0,85.0,16.0,0.0
69,275.0,4.0,4.0,85.0,16.0,1.28
69,275.0,8.0,4.0,85.0,16.0,4.09
69,275.0,12.0,4.0,85.0,16.0,5.94
69,275.0,16.0,4.0,85.0,16.0,7.13
69,276.0,0.0,4.0,85.0,16.0,0.0
69,276.0,4.0,4.0,85.0,16.0,0.6
69,276.0,8.0,4.0,85.0,16.0,1.15
69,276.0,12.0,4.0,85.0,16.0,1.63
69,276.0,16.0,4.0,85.0,16.0,2.08
69,277.0,0.0,4.0,85.0,16.0,0.0
69,277.0,4.0,4.0,85.0,16.0,1.24
69,277.0,8.0,4.0,85.0,16.0,2.69
69,277.0,12.0,4.0,85.0,16.0,4.57
69,277.0,16.0,4.0,85.0,16.0,5.3
69,279.0,0.0,4.0,85.0,16.0,0.0
69,279.0,4.0,4.0,85.0,16.0,1.88
69,279.0,8.0,4.0,85.0,16.0,3.13
69,279.0,12.0,4.0,85.0,16.0,5.61
69,279.0,16.0,4.0,85.0,16.0,7.19
70,280.0,0.0,4.0,80.0,31.0,0.0
70,280.0,3.0,4.0,80.0,31.0,2.66
70,280.0,6.0,4.0,80.0,31.0,5.02
70,280.0,10.0,4.0,80.0,31.0,7.76
70,280.0,13.0,4.0,80.0,31.0,10.27
70,280.0,17.0,4.0,80.0,31.0,14.61
70,280.0,20.0,4.0,80.0,31.0,18.49
70,280.0,24.0,4.0,80.0,31.0,23.07
70,280.0,27.0,4.0,80.0,31.0,26.57
70,280.0,31.0,4.0,80.0,31.0,30.91
70,281.0,0.0,4.0,80.0,31.0,0.0
70,281.0,3.0,4.0,80.0,31.0,3.19
70,281.0,6.0,4.0,80.0,31.0,5.7
70,281.0,10.0,4.0,80.0,31.0,7.91
70,281.0,13.0,4.0,80.0,31.0,11.56
70,281.0,17.0,4.0,80.0,31.0,14.61
70,281.0,20.0,4.0,80.0,31.0,17.96
70,281.0,24.0,4.0,80.0,31.0,22.91
70,281.0,27.0,4.0,80.0,31.0,26.64
70,281.0,31.0,4.0,80.0,31.0,33.74
70,283.0,0.0,4.0,80.0,31.0,0.0
70,283.0,3.0,4.0,80.0,31.0,3.12
70,283.0,6.0,4.0,80.0,31.0,4.71
70,283.0,10.0,4.0,80.0,31.0,7.07
70,283.0,13.0,4.0,80.0,31.0,9.96
70,283.0,17.0,4.0,80.0,31.0,12.93
70,283.0,20.0,4.0,80.0,31.0,15.67
70,283.0,24.0,4.0,80.0,31.0,20.85
70,283.0,27.0,4.0,80.0,31.0,23.29
70,283.0,31.0,4.0,80.0,31.0,27.4
71,285.0,0.0,4.0,95.0,11.0,0.0
71,285.0,1.0,4.0,95.0,11.0,0.07
71,285.0,3.0,4.0,95.0,11.0,0.47
71,285.0,5.0,4.0,95.0,11.0,1.88
71,285.0,7.0,4.0,95.0,11.0,10.77
71,285.0,9.0,4.0,95.0,11.0,12.55
71,285.0,11.0,4.0,95.0,11.0,14.97
71,286.0,0.0,4.0,95.0,11.0,0.0
71,286.0,1.0,4.0,95.0,11.0,0.07
71,286.0,3.0,4.0,95.0,11.0,0.16
71,286.0,5.0,4.0,95.0,11.0,0.55
71,286.0,7.0,4.0,95.0,11.0,1.11
71,286.0,9.0,4.0,95.0,11.0,5.79
71,286.0,11.0,4.0,95.0,11.0,5.95
71,287.0,0.0,4.0,95.0,11.0,0.0
71,287.0,1.0,4.0,95.0,11.0,0.07
71,287.0,3.0,4.0,95.0,11.0,0.26
71,287.0,5.0,4.0,95.0,11.0,0.44
71,287.0,7.0,4.0,95.0,11.0,1.28
71,287.0,9.0,4.0,95.0,11.0,4.62
71,287.0,11.0,4.0,95.0,11.0,5.56
72,292.0,0.0,11.0,75.0,12.0,0.0
72,292.0,4.0,11.0,75.0,12.0,2.28
72,292.0,8.0,11.0,75.0,12.0,6.7
72,292.0,12.0,11.0,75.0,12.0,9.38
72,295.0,0.0,11.0,75.0,12.0,0.0
72,295.0,4.0,11.0,75.0,12.0,2.11
72,295.0,8.0,11.0,75.0,12.0,5.12
72,295.0,12.0,11.0,75.0,12.0,7.89
72,297.0,0.0,11.0,75.0,12.0,0.0
72,297.0,4.0,11.0,75.0,12.0,2.18
72,297.0,8.0,11.0,75.0,12.0,5.94
72,297.0,12.0,11.0,75.0,12.0,9.46
72,298.0,0.0,11.0,75.0,12.0,0.0
72,298.0,4.0,11.0,75.0,12.0,1.98
72,298.0,8.0,11.0,75.0,12.0,4.08
72,298.0,12.0,11.0,75.0,12.0,6.89
72,299.0,0.0,11.0,75.0,12.0,0.0
72,299.0,4.0,11.0,75.0,12.0,2.74
72,299.0,8.0,11.0,75.0,12.0,13.43
73,300.0,0.0,20.0,40.0,7.0,0.0
73,300.0,1.0,20.0,40.0,7.0,6.93
73,300.0,2.0,20.0,40.0,7.0,14.97
73,300.0,3.0,20.0,40.0,7.0,23.99
73,300.0,5.0,20.0,40.0,7.0,35.88
73,300.0,7.0,20.0,40.0,7.0,48.2
73,302.0,0.0,20.0,40.0,7.0,0.0
73,302.0,1.0,20.0,40.0,7.0,4.28
73,302.0,2.0,20.0,40.0,7.0,9.45
73,302.0,3.0,20.0,40.0,7.0,16.61
73,302.0,5.0,20.0,40.0,7.0,25.84
73,302.0,7.0,20.0,40.0,7.0,37.17
73,303.0,0.0,20.0,40.0,7.0,0.0
73,303.0,1.0,20.0,40.0,7.0,2.63
73,303.0,2.0,20.0,40.0,7.0,6.47
73,303.0,3.0,20.0,40.0,7.0,10.43
73,303.0,5.0,20.0,40.0,7.0,17.68
73,303.0,7.0,20.0,40.0,7.0,26.58
73,304.0,0.0,20.0,40.0,7.0,0.0
73,304.0,1.0,20.0,40.0,7.0,5.06
73,304.0,2.0,20.0,40.0,7.0,9.12
73,304.0,3.0,20.0,40.0,7.0,13.74
73,304.0,5.0,20.0,40.0,7.0,19.99
73,304.0,7.0,20.0,40.0,7.0,27.57
73,305.0,0.0,20.0,40.0,7.0,0.0
73,305.0,1.0,20.0,40.0,7.0,3.18
73,305.0,2.0,20.0,40.0,7.0,7.69
73,305.0,3.0,20.0,40.0,7.0,13.3
73,305.0,5.0,20.0,40.0,7.0,22.97
73,305.0,7.0,20.0,40.0,7.0,33.64
74,301.0,0.0,5.0,90.0,6.0,0.0
74,301.0,1.0,5.0,90.0,6.0,0.81
74,301.0,2.0,5.0,90.0,6.0,1.78
74,301.0,3.0,5.0,90.0,6.0,2.59
74,301.0,4.0,5.0,90.0,6.0,3.25
74,301.0,6.0,5.0,90.0,6.0,4.14
74,306.0,0.0,5.0,90.0,6.0,0.0
74,306.0,1.0,5.0,90.0,6.0,0.65
74,306.0,2.0,5.0,90.0,6.0,1.58
74,306.0,3.0,5.0,90.0,6.0,2.35
74,306.0,4.0,5.0,90.0,6.0,2.83
74,306.0,6.0,5.0,90.0,6.0,3.66
74,307.0,0.0,5.0,90.0,6.0,0.0
74,307.0,1.0,5.0,90.0,6.0,0.75
74,307.0,2.0,5.0,90.0,6.0,2.07
74,307.0,3.0,5.0,90.0,6.0,2.75
74,307.0,4.0,5.0,90.0,6.0,3.3
74,307.0,6.0,5.0,90.0,6.0,4.28
74,308.0,0.0,5.0,90.0,6.0,0.0
74,308.0,1.0,5.0,90.0,6.0,0.76
74,308.0,2.0,5.0,90.0,6.0,1.6
74,308.0,3.0,5.0,90.0,6.0,2.42
74,308.0,4.0,5.0,90.0,6.0,3.08
74,308.0,6.0,5.0,90.0,6.0,3.99
74,309.0,0.0,5.0,90.0,6.0,0.0
74,309.0,1.0,5.0,90.0,6.0,0.42
74,309.0,2.0,5.0,90.0,6.0,1.3
74,309.0,3.0,5.0,90.0,6.0,2.5
74,309.0,4.0,5.0,90.0,6.0,2.95
74,309.0,6.0,5.0,90.0,6.0,3.65
74,310.0,0.0,5.0,90.0,6.0,0.0
74,310.0,1.0,5.0,90.0,6.0,0.42
74,310.0,2.0,5.0,90.0,6.0,1.25
74,310.0,3.0,5.0,90.0,6.0,1.97
74,310.0,4.0,5.0,90.0,6.0,2.39
74,310.0,6.0,5.0,90.0,6.0,3.25
74,311.0,0.0,5.0,90.0,6.0,0.0
74,311.0,1.0,5.0,90.0,6.0,0.83
74,311.0,2.0,5.0,90.0,6.0,1.35
74,311.0,3.0,5.0,90.0,6.0,2.01
74,311.0,4.0,5.0,90.0,6.0,2.54
74,311.0,6.0,5.0,90.0,6.0,3.62
75,312.0,0.0,2.0,88.0,14.0,0.0
75,312.0,2.0,2.0,88.0,14.0,4.24
75,312.0,5.0,2.0,88.0,14.0,6.06
75,312.0,7.0,2.0,88.0,14.0,7.15
75,312.0,10.0,2.0,88.0,14.0,10.74
75,312.0,14.0,2.0,88.0,14.0,12.5
75,313.0,0.0,2.0,88.0,14.0,0.0
75,313.0,2.0,2.0,88.0,14.0,2.26
75,313.0,5.0,2.0,88.0,14.0,4.76
75,313.0,7.0,2.0,88.0,14.0,5.09
75,313.0,10.0,2.0,88.0,14.0,8.58
75,313.0,14.0,2.0,88.0,14.0,10.26
75,314.0,0.0,2.0,88.0,14.0,0.0
75,314.0,2.0,2.0,88.0,14.0,1.87
75,314.0,5.0,2.0,88.0,14.0,4.13
75,314.0,7.0,2.0,88.0,14.0,5.39
75,314.0,10.0,2.0,88.0,14.0,8.69
75,314.0,14.0,2.0,88.0,14.0,11.72
75,315.0,0.0,2.0,88.0,14.0,0.0
75,315.0,2.0,2.0,88.0,14.0,2.09
75,315.0,5.0,2.0,88.0,14.0,4.04
75,315.0,7.0,2.0,88.0,14.0,5.83
75,315.0,10.0,2.0,88.0,14.0,7.84
75,315.0,14.0,2.0,88.0,14.0,11.06
76,316.0,0.0,4.0,85.0,12.0,0.0
76,316.0,3.0,4.0,85.0,12.0,0.83
76,316.0,6.0,4.0,85.0,12.0,2.92
76,316.0,9.0,4.0,85.0,12.0,2.51
76,316.0,12.0,4.0,85.0,12.0,8.06
76,317.0,0.0,4.0,85.0,12.0,0.0
76,317.0,3.0,4.0,85.0,12.0,6.96
76,317.0,6.0,4.0,85.0,12.0,2.91
76,317.0,9.0,4.0,85.0,12.0,6.57
76,317.0,12.0,4.0,85.0,12.0,5.4
76,318.0,0.0,4.0,85.0,12.0,0.0
76,318.0,3.0,4.0,85.0,12.0,4.93
76,318.0,6.0,4.0,85.0,12.0,4.64
76,318.0,9.0,4.0,85.0,12.0,1.31
76,318.0,12.0,4.0,85.0,12.0,1.7
76,320.0,0.0,4.0,85.0,12.0,0.0
76,320.0,3.0,4.0,85.0,12.0,6.59
76,320.0,6.0,4.0,85.0,12.0,1.02
76,320.0,9.0,4.0,85.0,12.0,1.8
76,320.0,12.0,4.0,85.0,12.0,4.6
76,322.0,0.0,4.0,85.0,12.0,0.0
76,322.0,3.0,4.0,85.0,12.0,0.64
76,322.0,6.0,4.0,85.0,12.0,1.74
76,322.0,9.0,4.0,85.0,12.0,3.46
76,322.0,12.0,4.0,85.0,12.0,7.24
79,326.0,0.0,4.0,95.0,16.0,0.0
79,326.0,4.0,4.0,95.0,16.0,1.34
79,326.0,8.0,4.0,95.0,16.0,2.98
79,326.0,12.0,4.0,95.0,16.0,4.85
79,326.0,16.0,4.0,95.0,16.0,6.05
79,327.0,0.0,4.0,95.0,16.0,0.0
79,327.0,4.0,4.0,95.0,16.0,0.9
79,327.0,8.0,4.0,95.0,16.0,2.4
79,327.0,12.0,4.0,95.0,16.0,4.19
79,327.0,16.0,4.0,95.0,16.0,5.36
79,329.0,0.0,4.0,95.0,16.0,0.0
79,329.0,4.0,4.0,95.0,16.0,0.82
79,329.0,8.0,4.0,95.0,16.0,1.85
79,329.0,12.0,4.0,95.0,16.0,3.54
79,329.0,16.0,4.0,95.0,16.0,4.73
79,330.0,0.0,4.0,95.0,16.0,0.0
79,330.0,4.0,4.0,95.0,16.0,1.22
79,330.0,8.0,4.0,95.0,16.0,2.67
79,330.0,12.0,4.0,95.0,16.0,4.39
79,330.0,16.0,4.0,95.0,16.0,5.72
79,332.0,0.0,4.0,95.0,16.0,0.0
79,332.0,4.0,4.0,95.0,16.0,1.05
79,332.0,8.0,4.0,95.0,16.0,2.19
79,332.0,12.0,4.0,95.0,16.0,3.68
79,332.0,16.0,4.0,95.0,16.0,5.13
79,333.0,0.0,4.0,95.0,16.0,0.0
79,333.0,4.0,4.0,95.0,16.0,0.75
79,333.0,8.0,4.0,95.0,16.0,1.17
79,333.0,12.0,4.0,95.0,16.0,3.2
79,333.0,16.0,4.0,95.0,16.0,4.41
81,337.0,0.0,25.0,70.0,8.0,0.0
81,337.0,1.0,25.0,70.0,8.0,3.51
81,337.0,3.0,25.0,70.0,8.0,14.79
81,337.0,5.0,25.0,70.0,8.0,20.74
81,337.0,8.0,25.0,70.0,8.0,39.57
81,802.0,0.0,25.0,70.0,8.0,0.0
81,802.0,1.0,25.0,70.0,8.0,3.4
81,802.0,3.0,25.0,70.0,8.0,13.51
81,802.0,5.0,25.0,70.0,8.0,18.72
81,802.0,8.0,25.0,70.0,8.0,35.43
81,803.0,0.0,25.0,70.0,8.0,0.0
81,803.0,1.0,25.0,70.0,8.0,3.09
81,803.0,3.0,25.0,70.0,8.0,11.06
81,803.0,5.0,25.0,70.0,8.0,18.19
81,803.0,8.0,25.0,70.0,8.0,31.28
82,339.0,0.0,4.0,90.0,12.0,0.0
82,339.0,3.0,4.0,90.0,12.0,1.98
82,339.0,6.0,4.0,90.0,12.0,2.24
82,339.0,9.0,4.0,90.0,12.0,2.6
82,339.0,12.0,4.0,90.0,12.0,5.07
82,340.0,0.0,4.0,90.0,12.0,0.0
82,340.0,3.0,4.0,90.0,12.0,1.81
82,340.0,6.0,4.0,90.0,12.0,1.48
82,340.0,9.0,4.0,90.0,12.0,2.63
82,340.0,12.0,4.0,90.0,12.0,3.15
82,341.0,0.0,4.0,90.0,12.0,0.0
82,341.0,3.0,4.0,90.0,12.0,1.21
82,341.0,6.0,4.0,90.0,12.0,1.27
82,341.0,9.0,4.0,90.0,12.0,2.12
82,341.0,12.0,4.0,90.0,12.0,3.41
82,342.0,0.0,4.0,90.0,12.0,0.0
82,342.0,3.0,4.0,90.0,12.0,1.06
82,342.0,6.0,4.0,90.0,12.0,0.93
82,342.0,9.0,4.0,90.0,12.0,1.21
82,342.0,12.0,4.0,90.0,12.0,2.44
82,346.0,0.0,4.0,90.0,12.0,0.0
82,346.0,3.0,4.0,90.0,12.0,0.9
82,346.0,6.0,4.0,90.0,12.0,0.82
82,346.0,9.0,4.0,90.0,12.0,0.91
82,346.0,12.0,4.0,90.0,12.0,1.59
82,347.0,0.0,4.0,90.0,12.0,0.0
82,347.0,3.0,4.0,90.0,12.0,0.82
82,347.0,6.0,4.0,90.0,12.0,0.75
82,347.0,9.0,4.0,90.0,12.0,0.83
82,347.0,12.0,4.0,90.0,12.0,1.36
83,349.0,0.0,1.0,95.0,18.0,0.0
83,349.0,3.0,1.0,95.0,18.0,5.86
83,349.0,6.0,1.0,95.0,18.0,8.64
83,349.0,9.0,1.0,95.0,18.0,11.72
83,349.0,12.0,1.0,95.0,18.0,13.99
83,349.0,15.0,1.0,95.0,18.0,17.89
83,349.0,18.0,1.0,95.0,18.0,21.22
83,350.0,0.0,1.0,95.0,18.0,0.0
83,350.0,3.0,1.0,95.0,18.0,4.75
83,350.0,6.0,1.0,95.0,18.0,7.03
83,350.0,9.0,1.0,95.0,18.0,9.62
83,350.0,12.0,1.0,95.0,18.0,11.52
83,350.0,15.0,1.0,95.0,18.0,13.62
83,350.0,18.0,1.0,95.0,18.0,18.0
83,351.0,0.0,1.0,95.0,18.0,0.0
83,351.0,3.0,1.0,95.0,18.0,4.13
83,351.0,6.0,1.0,95.0,18.0,7.15
83,351.0,9.0,1.0,95.0,18.0,8.32
83,351.0,12.0,1.0,95.0,18.0,9.61
83,351.0,15.0,1.0,95.0,18.0,11.27
83,351.0,18.0,1.0,95.0,18.0,13.17
83,352.0,0.0,1.0,95.0,18.0,0.0
83,352.0,3.0,1.0,95.0,18.0,4.5
83,352.0,6.0,1.0,95.0,18.0,6.96
83,352.0,9.0,1.0,95.0,18.0,8.13
83,352.0,12.0,1.0,95.0,18.0,10.53
83,352.0,15.0,1.0,95.0,18.0,11.08
83,352.0,18.0,1.0,95.0,18.0,13.36
83,353.0,0.0,1.0,95.0,18.0,0.0
83,353.0,3.0,1.0,95.0,18.0,3.26
83,353.0,6.0,1.0,95.0,18.0,6.41
83,353.0,9.0,1.0,95.0,18.0,7.88
83,353.0,12.0,1.0,95.0,18.0,9.48
83,353.0,15.0,1.0,95.0,18.0,10.46
83,353.0,18.0,1.0,95.0,18.0,11.25
84,354.0,0.0,5.0,75.0,8.0,0.0
84,354.0,1.0,5.0,75.0,8.0,1.14
84,354.0,2.0,5.0,75.0,8.0,5.52
84,354.0,3.0,5.0,75.0,8.0,7.73
84,354.0,4.0,5.0,75.0,8.0,10.59
84,354.0,5.0,5.0,75.0,8.0,14.24
84,355.0,0.0,5.0,75.0,8.0,0.0
84,355.0,1.0,5.0,75.0,8.0,0.99
84,355.0,2.0,5.0,75.0,8.0,2.7
84,355.0,3.0,5.0,75.0,8.0,4.19
84,355.0,4.0,5.0,75.0,8.0,5.71
84,355.0,5.0,5.0,75.0,8.0,7.08
84,355.0,6.0,5.0,75.0,8.0,10.21
84,355.0,7.0,5.0,75.0,8.0,13.18
84,355.0,8.0,5.0,75.0,8.0,16.15
85,356.0,0.0,5.0,60.0,12.0,0.0
85,356.0,1.0,5.0,60.0,12.0,0.47
85,356.0,3.0,5.0,60.0,12.0,2.61
85,356.0,5.0,5.0,60.0,12.0,4.94
85,356.0,7.0,5.0,60.0,12.0,10.54
85,356.0,9.0,5.0,60.0,12.0,19.11
85,356.0,12.0,5.0,60.0,12.0,24.19
85,357.0,0.0,5.0,60.0,12.0,0.0
85,357.0,1.0,5.0,60.0,12.0,0.53
85,357.0,3.0,5.0,60.0,12.0,1.94
85,357.0,5.0,5.0,60.0,12.0,3.31
85,357.0,7.0,5.0,60.0,12.0,7.41
85,357.0,9.0,5.0,60.0,12.0,11.76
85,357.0,12.0,5.0,60.0,12.0,13.78
85,358.0,0.0,5.0,60.0,12.0,0.0
85,358.0,1.0,5.0,60.0,12.0,0.49
85,358.0,3.0,5.0,60.0,12.0,2.05
85,358.0,5.0,5.0,60.0,12.0,3.17
85,358.0,7.0,5.0,60.0,12.0,7.26
85,358.0,9.0,5.0,60.0,12.0,11.59
85,358.0,12.0,5.0,60.0,12.0,13.51
86,359.0,0.0,2.0,70.0,24.0,0.0
86,359.0,4.0,2.0,70.0,24.0,1.1
86,359.0,8.0,2.0,70.0,24.0,2.78
86,359.0,12.0,2.0,70.0,24.0,4.12
86,359.0,16.0,2.0,70.0,24.0,5.28
86,359.0,20.0,2.0,70.0,24.0,6.99
86,359.0,24.0,2.0,70.0,24.0,8.13
86,360.0,0.0,2.0,70.0,24.0,0.0
86,360.0,4.0,2.0,70.0,24.0,1.1
86,360.0,8.0,2.0,70.0,24.0,1.8
86,360.0,12.0,2.0,70.0,24.0,2.62
86,360.0,16.0,2.0,70.0,24.0,3.69
86,360.0,20.0,2.0,70.0,24.0,4.93
86,360.0,24.0,2.0,70.0,24.0,5.78
86,361.0,0.0,2.0,70.0,24.0,0.0
86,361.0,4.0,2.0,70.0,24.0,0.95
86,361.0,8.0,2.0,70.0,24.0,2.15
86,361.0,12.0,2.0,70.0,24.0,3.06
86,361.0,16.0,2.0,70.0,24.0,4.27
86,361.0,20.0,2.0,70.0,24.0,5.18
86,361.0,24.0,2.0,70.0,24.0,6.36
87,362.0,0.0,0.0,90.0,15.0,0.0
87,362.0,5.0,0.0,90.0,15.0,0.5
87,362.0,10.0,0.0,90.0,15.0,1.7
87,362.0,15.0,0.0,90.0,15.0,2.4
87,363.0,0.0,0.0,90.0,15.0,0.0
87,363.0,5.0,0.0,90.0,15.0,0.9
87,363.0,10.0,0.0,90.0,15.0,2.0
87,363.0,15.0,0.0,90.0,15.0,2.8
87,364.0,0.0,0.0,90.0,15.0,0.0
87,364.0,5.0,0.0,90.0,15.0,1.1
87,364.0,10.0,0.0,90.0,15.0,1.7
87,364.0,15.0,0.0,90.0,15.0,2.4
87,366.0,0.0,0.0,90.0,15.0,0.0
87,366.0,5.0,0.0,90.0,15.0,0.6
87,366.0,10.0,0.0,90.0,15.0,1.7
87,366.0,15.0,0.0,90.0,15.0,2.4
91,370.0,0.0,2.0,70.0,24.0,0.0
91,370.0,4.0,2.0,70.0,24.0,1.2
91,370.0,8.0,2.0,70.0,24.0,2.73
91,370.0,12.0,2.0,70.0,24.0,4.15
91,370.0,16.0,2.0,70.0,24.0,5.26
91,370.0,20.0,2.0,70.0,24.0,7.05
91,370.0,24.0,2.0,70.0,24.0,8.11
91,372.0,0.0,2.0,70.0,24.0,0.0
91,372.0,4.0,2.0,70.0,24.0,1.07
91,372.0,8.0,2.0,70.0,24.0,1.86
91,372.0,12.0,2.0,70.0,24.0,2.65
91,372.0,16.0,2.0,70.0,24.0,3.67
91,372.0,20.0,2.0,70.0,24.0,4.9
91,372.0,24.0,2.0,70.0,24.0,5.83
91,373.0,0.0,2.0,70.0,24.0,0.0
91,373.0,4.0,2.0,70.0,24.0,1.06
91,373.0,8.0,2.0,70.0,24.0,2.21
91,373.0,12.0,2.0,70.0,24.0,3.32
91,373.0,16.0,2.0,70.0,24.0,4.5
91,373.0,20.0,2.0,70.0,24.0,5.98
91,373.0,24.0,2.0,70.0,24.0,6.93
90,369.0,0.0,3.0,,14.0,0.0
90,369.0,2.0,3.0,,14.0,2.95
90,369.0,4.0,3.0,,14.0,1.71
90,369.0,6.0,3.0,,14.0,2.3
90,369.0,8.0,3.0,,14.0,2.91
90,369.0,10.0,3.0,,14.0,2.17
90,369.0,12.0,3.0,,14.0,4.91
90,369.0,14.0,3.0,,14.0,6.52
90,477.0,0.0,3.0,,14.0,0.0
90,477.0,2.0,3.0,,14.0,1.8
90,477.0,4.0,3.0,,14.0,1.97
90,477.0,6.0,3.0,,14.0,2.11
90,477.0,8.0,3.0,,14.0,2.48
90,477.0,10.0,3.0,,14.0,2.72
90,477.0,12.0,3.0,,14.0,6.18
90,477.0,14.0,3.0,,14.0,4.06
90,478.0,0.0,3.0,,14.0,0.0
90,478.0,2.0,3.0,,14.0,2.89
90,478.0,4.0,3.0,,14.0,2.23
90,478.0,6.0,3.0,,14.0,2.18
90,478.0,8.0,3.0,,14.0,1.99
90,478.0,10.0,3.0,,14.0,4.33
90,478.0,12.0,3.0,,14.0,3.95
90,478.0,14.0,3.0,,14.0,4.2
90,479.0,0.0,3.0,,14.0,0.0
90,479.0,2.0,3.0,,14.0,1.53
90,479.0,4.0,3.0,,14.0,2.6
90,479.0,6.0,3.0,,14.0,3.34
90,479.0,8.0,3.0,,14.0,3.18
90,479.0,10.0,3.0,,14.0,2.7
90,479.0,12.0,3.0,,14.0,6.04
90,479.0,14.0,3.0,,14.0,4.78
90,480.0,0.0,3.0,,14.0,0.0
90,480.0,2.0,3.0,,14.0,1.78
90,480.0,4.0,3.0,,14.0,2.85
90,480.0,6.0,3.0,,14.0,1.77
90,480.0,8.0,3.0,,14.0,1.97
90,480.0,10.0,3.0,,14.0,3.44
90,480.0,12.0,3.0,,14.0,3.95
90,480.0,14.0,3.0,,14.0,3.13
95,377.0,0.0,4.0,85.0,15.0,0.0
95,377.0,3.0,4.0,85.0,15.0,1.42
95,377.0,5.0,4.0,85.0,15.0,2.6
95,377.0,7.0,4.0,85.0,15.0,3.64
95,377.0,9.0,4.0,85.0,15.0,4.32
95,377.0,11.0,4.0,85.0,15.0,5.0
95,377.0,13.0,4.0,85.0,15.0,5.84
95,377.0,15.0,4.0,85.0,15.0,6.6
95,464.0,0.0,4.0,85.0,15.0,0.0
95,464.0,3.0,4.0,85.0,15.0,1.16
95,464.0,5.0,4.0,85.0,15.0,2.06
95,464.0,7.0,4.0,85.0,15.0,2.6
95,464.0,9.0,4.0,85.0,15.0,3.4
95,464.0,11.0,4.0,85.0,15.0,3.98
95,464.0,13.0,4.0,85.0,15.0,4.6
95,464.0,15.0,4.0,85.0,15.0,5.25
95,465.0,0.0,4.0,85.0,15.0,0.0
95,465.0,3.0,4.0,85.0,15.0,1.16
95,465.0,5.0,4.0,85.0,15.0,1.8
95,465.0,7.0,4.0,85.0,15.0,2.76
95,465.0,9.0,4.0,85.0,15.0,3.52
95,465.0,11.0,4.0,85.0,15.0,4.32
95,465.0,13.0,4.0,85.0,15.0,5.12
95,465.0,15.0,4.0,85.0,15.0,5.7
95,466.0,0.0,4.0,85.0,15.0,0.0
95,466.0,3.0,4.0,85.0,15.0,0.98
95,466.0,5.0,4.0,85.0,15.0,1.88
95,466.0,7.0,4.0,85.0,15.0,2.52
95,466.0,9.0,4.0,85.0,15.0,3.0
95,466.0,11.0,4.0,85.0,15.0,3.68
95,466.0,13.0,4.0,85.0,15.0,4.56
95,466.0,15.0,4.0,85.0,15.0,5.27
94,376.0,0.0,25.0,,5.0,0.0
94,376.0,1.0,25.0,,5.0,10.79
94,376.0,2.0,25.0,,5.0,20.57
94,376.0,3.0,25.0,,5.0,30.97
94,376.0,4.0,25.0,,5.0,39.6
94,376.0,5.0,25.0,,5.0,48.85
94,473.0,0.0,25.0,,5.0,0.0
94,473.0,1.0,25.0,,5.0,9.47
94,473.0,2.0,25.0,,5.0,17.67
94,473.0,3.0,25.0,,5.0,26.12
94,473.0,4.0,25.0,,5.0,33.52
94,473.0,5.0,25.0,,5.0,41.54
94,474.0,0.0,25.0,,5.0,0.0
94,474.0,1.0,25.0,,5.0,8.41
94,474.0,2.0,25.0,,5.0,15.64
94,474.0,3.0,25.0,,5.0,23.22
94,474.0,4.0,25.0,,5.0,29.65
94,474.0,5.0,25.0,,5.0,36.7
94,475.0,0.0,25.0,,5.0,0.0
94,475.0,1.0,25.0,,5.0,7.09
94,475.0,2.0,25.0,,5.0,13.44
94,475.0,3.0,25.0,,5.0,20.48
94,475.0,4.0,25.0,,5.0,26.74
94,475.0,5.0,25.0,,5.0,34.14
96,811.0,0.0,25.0,,7.0,0.0
96,811.0,1.0,25.0,,7.0,0.42
96,811.0,2.0,25.0,,7.0,1.89
96,811.0,3.0,25.0,,7.0,3.59
96,811.0,4.0,25.0,,7.0,7.68
96,811.0,5.0,25.0,,7.0,13.06
96,811.0,6.0,25.0,,7.0,20.54
96,811.0,7.0,25.0,,7.0,29.37
97,379.0,0.0,18.0,,10.0,0.0
97,379.0,1.0,18.0,,10.0,0.78
97,379.0,2.0,18.0,,10.0,2.64
97,379.0,3.0,18.0,,10.0,3.89
97,379.0,4.0,18.0,,10.0,5.04
97,379.0,5.0,18.0,,10.0,6.72
97,379.0,6.0,18.0,,10.0,6.96
97,467.0,0.0,18.0,,10.0,0.0
97,467.0,1.0,18.0,,10.0,0.7
97,467.0,2.0,18.0,,10.0,1.32
97,467.0,3.0,18.0,,10.0,1.77
97,467.0,4.0,18.0,,10.0,5.34
97,467.0,5.0,18.0,,10.0,5.92
97,467.0,6.0,18.0,,10.0,6.54
97,468.0,0.0,18.0,,10.0,0.0
97,468.0,1.0,18.0,,10.0,0.28
97,468.0,2.0,18.0,,10.0,0.62
97,468.0,3.0,18.0,,10.0,1.08
97,468.0,4.0,18.0,,10.0,1.43
97,468.0,5.0,18.0,,10.0,2.14
97,468.0,6.0,18.0,,10.0,2.44
97,471.0,0.0,18.0,,10.0,0.0
97,471.0,1.0,18.0,,10.0,0.25
97,471.0,2.0,18.0,,10.0,0.59
97,471.0,3.0,18.0,,10.0,1.08
97,471.0,4.0,18.0,,10.0,1.46
97,471.0,5.0,18.0,,10.0,2.04
97,471.0,6.0,18.0,,10.0,2.13
97,471.0,7.0,18.0,,10.0,3.45
97,471.0,8.0,18.0,,10.0,4.69
97,471.0,9.0,18.0,,10.0,5.73
97,472.0,0.0,18.0,,10.0,0.0
97,472.0,1.0,18.0,,10.0,0.28
97,472.0,2.0,18.0,,10.0,0.57
97,472.0,3.0,18.0,,10.0,1.05
97,472.0,4.0,18.0,,10.0,1.43
97,472.0,5.0,18.0,,10.0,1.83
97,472.0,6.0,18.0,,10.0,2.02
97,472.0,7.0,18.0,,10.0,3.45
97,472.0,8.0,18.0,,10.0,4.63
97,472.0,9.0,18.0,,10.0,5.99
98,380.0,0.0,4.0,85.0,15.0,0.0
98,380.0,3.0,4.0,85.0,15.0,1.4
98,380.0,5.0,4.0,85.0,15.0,2.57
98,380.0,7.0,4.0,85.0,15.0,3.63
98,380.0,9.0,4.0,85.0,15.0,4.32
98,380.0,11.0,4.0,85.0,15.0,4.9
98,808.0,0.0,4.0,85.0,15.0,0.0
98,808.0,3.0,4.0,85.0,15.0,1.02
98,808.0,5.0,4.0,85.0,15.0,1.96
98,808.0,7.0,4.0,85.0,15.0,2.44
98,808.0,9.0,4.0,85.0,15.0,3.09
98,808.0,11.0,4.0,85.0,15.0,3.67
98,808.0,13.0,4.0,85.0,15.0,4.45
98,808.0,15.0,4.0,85.0,15.0,5.15
96,812.0,0.0,25.0,,7.0,0.0
96,812.0,1.0,25.0,,7.0,0.19
96,812.0,2.0,25.0,,7.0,1.59
96,812.0,3.0,25.0,,7.0,3.06
96,812.0,4.0,25.0,,7.0,6.18
96,812.0,5.0,25.0,,7.0,10.73
96,812.0,6.0,25.0,,7.0,17.38
96,812.0,7.0,25.0,,7.0,26.07
96,813.0,0.0,25.0,,7.0,0.0
96,813.0,1.0,25.0,,7.0,0.27
96,813.0,2.0,25.0,,7.0,1.59
96,813.0,3.0,25.0,,7.0,2.69
96,813.0,4.0,25.0,,7.0,5.88
96,813.0,5.0,25.0,,7.0,8.33
96,813.0,6.0,25.0,,7.0,15.36
96,813.0,7.0,25.0,,7.0,21.33
96,814.0,0.0,25.0,,7.0,0.0
96,814.0,1.0,25.0,,7.0,0.27
96,814.0,2.0,25.0,,7.0,0.99
96,814.0,3.0,25.0,,7.0,1.56
96,814.0,4.0,25.0,,7.0,3.03
96,814.0,5.0,25.0,,7.0,4.72
96,814.0,6.0,25.0,,7.0,7.77
96,814.0,7.0,25.0,,7.0,11.79
96,815.0,0.0,25.0,,7.0,0.0
96,815.0,1.0,25.0,,7.0,0.0
96,815.0,2.0,25.0,,7.0,0.69
96,815.0,3.0,25.0,,7.0,1.26
96,815.0,4.0,25.0,,7.0,2.13
96,815.0,5.0,25.0,,7.0,2.62
96,815.0,6.0,25.0,,7.0,3.64
96,815.0,7.0,25.0,,7.0,4.89
96,816.0,0.0,25.0,,7.0,0.0
96,816.0,1.0,25.0,,7.0,0.27
96,816.0,2.0,25.0,,7.0,0.99
96,816.0,3.0,25.0,,7.0,1.56
96,816.0,4.0,25.0,,7.0,2.43
96,816.0,5.0,25.0,,7.0,3.67
96,816.0,6.0,25.0,,7.0,5.89
96,816.0,7.0,25.0,,7.0,10.82
102,384.0,0.0,20.0,,6.0,0.0
102,384.0,2.0,20.0,,6.0,18.64
102,384.0,4.0,20.0,,6.0,48.75
102,384.0,6.0,20.0,,6.0,65.59
102,736.0,0.0,20.0,,6.0,0.0
102,736.0,2.0,20.0,,6.0,12.19
102,736.0,4.0,20.0,,6.0,37.99
102,736.0,6.0,20.0,,6.0,54.84
102,790.0,0.0,20.0,,6.0,0.0
102,790.0,2.0,20.0,,6.0,4.66
102,790.0,4.0,20.0,,6.0,15.41
102,790.0,6.0,20.0,,6.0,22.94
99,381.0,0.0,4.0,,14.0,0.0
99,381.0,7.0,4.0,,14.0,1.1
99,381.0,14.0,4.0,,14.0,2.2
99,804.0,0.0,4.0,,14.0,0.0
99,804.0,7.0,4.0,,14.0,1.1
99,804.0,14.0,4.0,,14.0,2.2
98,809.0,0.0,4.0,85.0,15.0,0.0
98,809.0,3.0,4.0,85.0,15.0,1.13
98,809.0,5.0,4.0,85.0,15.0,1.89
98,809.0,7.0,4.0,85.0,15.0,2.66
98,809.0,9.0,4.0,85.0,15.0,3.38
98,809.0,11.0,4.0,85.0,15.0,3.98
98,809.0,13.0,4.0,85.0,15.0,4.61
98,809.0,15.0,4.0,85.0,15.0,5.23
98,810.0,0.0,4.0,85.0,15.0,0.0
98,810.0,3.0,4.0,85.0,15.0,1.13
98,810.0,5.0,4.0,85.0,15.0,2.33
98,810.0,7.0,4.0,85.0,15.0,2.8
98,810.0,9.0,4.0,85.0,15.0,3.74
98,810.0,11.0,4.0,85.0,15.0,4.45
98,810.0,13.0,4.0,85.0,15.0,5.19
98,810.0,15.0,4.0,85.0,15.0,5.79
105,387.0,0.0,20.0,35.0,6.0,0.0
105,387.0,1.0,20.0,35.0,6.0,2.01
105,387.0,2.0,20.0,35.0,6.0,5.06
105,387.0,3.0,20.0,35.0,6.0,9.04
105,387.0,4.0,20.0,35.0,6.0,10.24
105,387.0,5.0,20.0,35.0,6.0,12.41
105,387.0,6.0,20.0,35.0,6.0,24.66
105,795.0,0.0,20.0,35.0,6.0,0.0
105,795.0,1.0,20.0,35.0,6.0,1.58
105,795.0,2.0,20.0,35.0,6.0,3.27
105,795.0,3.0,20.0,35.0,6.0,5.01
105,795.0,4.0,20.0,35.0,6.0,8.55
105,795.0,5.0,20.0,35.0,6.0,11.92
105,795.0,6.0,20.0,35.0,6.0,16.28
105,796.0,0.0,20.0,35.0,6.0,0.0
105,796.0,1.0,20.0,35.0,6.0,0.54
105,796.0,2.0,20.0,35.0,6.0,2.5
105,796.0,3.0,20.0,35.0,6.0,4.46
105,796.0,4.0,20.0,35.0,6.0,6.37
105,796.0,5.0,20.0,35.0,6.0,8.71
105,796.0,6.0,20.0,35.0,6.0,12.09
104,386.0,0.0,26.0,85.0,7.0,-0.06
104,386.0,1.0,26.0,85.0,7.0,1.88
104,386.0,2.0,26.0,85.0,7.0,3.22
104,386.0,3.0,26.0,85.0,7.0,4.65
104,386.0,4.0,26.0,85.0,7.0,6.47
104,386.0,5.0,26.0,85.0,7.0,8.22
104,386.0,6.0,26.0,85.0,7.0,9.52
104,799.0,0.0,26.0,85.0,7.0,-0.04
104,799.0,1.0,26.0,85.0,7.0,1.51
104,799.0,2.0,26.0,85.0,7.0,2.66
104,799.0,3.0,26.0,85.0,7.0,3.56
104,799.0,4.0,26.0,85.0,7.0,4.57
104,799.0,5.0,26.0,85.0,7.0,5.51
104,799.0,6.0,26.0,85.0,7.0,6.12
104,800.0,0.0,26.0,85.0,7.0,-0.04
104,800.0,1.0,26.0,85.0,7.0,1.76
104,800.0,2.0,26.0,85.0,7.0,3.04
104,800.0,3.0,26.0,85.0,7.0,4.06
104,800.0,4.0,26.0,85.0,7.0,5.01
104,800.0,5.0,26.0,85.0,7.0,5.97
104,800.0,6.0,26.0,85.0,7.0,6.69
104,801.0,0.0,26.0,85.0,7.0,-0.06
104,801.0,1.0,26.0,85.0,7.0,1.92
104,801.0,2.0,26.0,85.0,7.0,3.26
104,801.0,3.0,26.0,85.0,7.0,4.25
104,801.0,4.0,26.0,85.0,7.0,5.32
104,801.0,5.0,26.0,85.0,7.0,6.28
104,801.0,6.0,26.0,85.0,7.0,6.83
109,391.0,0.0,5.0,85.0,6.0,0.0
109,391.0,1.0,5.0,85.0,6.0,0.1
109,391.0,3.0,5.0,85.0,6.0,0.52
109,391.0,5.0,5.0,85.0,6.0,1.97
109,391.0,7.0,5.0,85.0,6.0,10.79
109,391.0,9.0,5.0,85.0,6.0,12.61
109,391.0,11.0,5.0,85.0,6.0,15.04
107,389.0,0.0,25.0,60.0,7.0,0.0
107,389.0,1.0,25.0,60.0,7.0,2.96
107,389.0,2.0,25.0,60.0,7.0,5.03
107,389.0,3.0,25.0,60.0,7.0,8.02
107,389.0,4.0,25.0,60.0,7.0,11.01
107,389.0,5.0,25.0,60.0,7.0,13.01
107,389.0,6.0,25.0,60.0,7.0,14.01
107,389.0,7.0,25.0,60.0,7.0,17.07
107,791.0,0.0,25.0,60.0,7.0,0.0
107,791.0,1.0,25.0,60.0,7.0,2.57
107,791.0,2.0,25.0,60.0,7.0,3.17
107,791.0,3.0,25.0,60.0,7.0,4.92
107,791.0,4.0,25.0,60.0,7.0,8.63
107,791.0,5.0,25.0,60.0,7.0,10.34
107,791.0,6.0,25.0,60.0,7.0,12.33
107,791.0,7.0,25.0,60.0,7.0,14.61
107,792.0,0.0,25.0,60.0,7.0,0.0
107,792.0,1.0,25.0,60.0,7.0,2.42
107,792.0,2.0,25.0,60.0,7.0,3.07
107,792.0,3.0,25.0,60.0,7.0,4.6
107,792.0,4.0,25.0,60.0,7.0,7.52
107,792.0,5.0,25.0,60.0,7.0,9.27
107,792.0,6.0,25.0,60.0,7.0,10.3
107,792.0,7.0,25.0,60.0,7.0,11.19
107,793.0,0.0,25.0,60.0,7.0,0.0
107,793.0,1.0,25.0,60.0,7.0,2.17
107,793.0,2.0,25.0,60.0,7.0,2.89
107,793.0,3.0,25.0,60.0,7.0,4.1
107,793.0,4.0,25.0,60.0,7.0,6.81
107,793.0,5.0,25.0,60.0,7.0,8.41
107,793.0,6.0,25.0,60.0,7.0,9.12
107,793.0,7.0,25.0,60.0,7.0,10.16
107,794.0,0.0,25.0,60.0,7.0,0.0
107,794.0,1.0,25.0,60.0,7.0,1.75
107,794.0,2.0,25.0,60.0,7.0,2.64
107,794.0,3.0,25.0,60.0,7.0,3.6
107,794.0,4.0,25.0,60.0,7.0,3.35
107,794.0,5.0,25.0,60.0,7.0,6.42
107,794.0,6.0,25.0,60.0,7.0,7.24
107,794.0,7.0,25.0,60.0,7.0,8.34
106,388.0,0.0,10.0,70.0,6.0,-0.15
106,388.0,1.0,10.0,70.0,6.0,12.77
106,388.0,2.0,10.0,70.0,6.0,25.54
106,388.0,3.0,10.0,70.0,6.0,54.54
106,388.0,4.0,10.0,70.0,6.0,62.2
106,388.0,5.0,10.0,70.0,6.0,67.91
106,388.0,6.0,10.0,70.0,6.0,76.48
106,720.0,0.0,10.0,70.0,6.0,-0.3
106,720.0,1.0,10.0,70.0,6.0,4.06
106,720.0,2.0,10.0,70.0,6.0,12.02
106,720.0,3.0,10.0,70.0,6.0,23.89
106,720.0,4.0,10.0,70.0,6.0,30.95
106,720.0,5.0,10.0,70.0,6.0,42.07
106,720.0,6.0,10.0,70.0,6.0,46.88
105,797.0,0.0,20.0,35.0,6.0,0.0
105,797.0,1.0,20.0,35.0,6.0,0.33
105,797.0,2.0,20.0,35.0,6.0,2.18
105,797.0,3.0,20.0,35.0,6.0,3.87
105,797.0,4.0,20.0,35.0,6.0,5.34
105,797.0,5.0,20.0,35.0,6.0,7.68
105,797.0,6.0,20.0,35.0,6.0,8.93
105,798.0,0.0,20.0,35.0,6.0,0.0
105,798.0,1.0,20.0,35.0,6.0,0.22
105,798.0,2.0,20.0,35.0,6.0,2.34
105,798.0,3.0,20.0,35.0,6.0,4.03
105,798.0,4.0,20.0,35.0,6.0,6.21
105,798.0,5.0,20.0,35.0,6.0,8.55
105,798.0,6.0,20.0,35.0,6.0,11.71
111,393.0,0.0,5.0,,17.0,0.0
111,393.0,3.0,5.0,,17.0,3.02
111,393.0,5.0,5.0,,17.0,3.94
111,393.0,10.0,5.0,,17.0,7.63
111,393.0,13.0,5.0,,17.0,9.85
111,699.0,0.0,5.0,,17.0,0.0
111,699.0,3.0,5.0,,17.0,1.66
111,699.0,5.0,5.0,,17.0,4.0
111,699.0,10.0,5.0,,17.0,6.71
111,699.0,13.0,5.0,,17.0,9.48
111,699.0,17.0,5.0,,17.0,12.8
110,392.0,0.0,6.0,75.0,5.0,0.0
110,392.0,1.0,6.0,75.0,5.0,5.42
110,392.0,2.0,6.0,75.0,5.0,10.05
110,392.0,3.0,6.0,75.0,5.0,14.86
110,392.0,4.0,6.0,75.0,5.0,18.88
110,392.0,5.0,6.0,75.0,5.0,22.99
110,709.0,0.0,6.0,75.0,5.0,0.0
110,709.0,1.0,6.0,75.0,5.0,2.62
110,709.0,2.0,6.0,75.0,5.0,5.59
110,709.0,3.0,6.0,75.0,5.0,8.83
110,709.0,4.0,6.0,75.0,5.0,11.45
110,709.0,5.0,6.0,75.0,5.0,13.9
109,729.0,0.0,5.0,85.0,6.0,0.0
109,729.0,1.0,5.0,85.0,6.0,0.16
109,729.0,3.0,5.0,85.0,6.0,0.26
109,729.0,5.0,5.0,85.0,6.0,0.57
109,729.0,7.0,5.0,85.0,6.0,0.99
109,729.0,9.0,5.0,85.0,6.0,5.76
109,729.0,11.0,5.0,85.0,6.0,5.97
109,731.0,0.0,5.0,85.0,6.0,0.0
109,731.0,1.0,5.0,85.0,6.0,0.1
109,731.0,3.0,5.0,85.0,6.0,0.31
109,731.0,5.0,5.0,85.0,6.0,0.36
109,731.0,7.0,5.0,85.0,6.0,1.14
109,731.0,9.0,5.0,85.0,6.0,4.67
109,731.0,11.0,5.0,85.0,6.0,5.6
114,396.0,0.0,4.0,,25.0,0.0
114,396.0,1.0,4.0,,25.0,2.73
114,396.0,2.0,4.0,,25.0,4.97
114,396.0,3.0,4.0,,25.0,7.5
114,396.0,6.0,4.0,,25.0,13.53
114,396.0,7.0,4.0,,25.0,15.38
114,396.0,9.0,4.0,,25.0,21.22
114,396.0,10.0,4.0,,25.0,25.13
114,396.0,14.0,4.0,,25.0,37.5
114,396.0,15.0,4.0,,25.0,40.72
114,396.0,16.0,4.0,,25.0,44.13
114,396.0,17.0,4.0,,25.0,47.35
114,396.0,20.0,4.0,,25.0,56.31
114,396.0,21.0,4.0,,25.0,58.94
114,396.0,24.0,4.0,,25.0,65.56
114,718.0,0.0,4.0,,25.0,0.0
114,718.0,1.0,4.0,,25.0,1.56
114,718.0,2.0,4.0,,25.0,3.99
114,718.0,3.0,4.0,,25.0,6.03
114,718.0,6.0,4.0,,25.0,12.46
114,718.0,7.0,4.0,,25.0,14.5
114,718.0,9.0,4.0,,25.0,19.56
114,718.0,10.0,4.0,,25.0,22.97
114,718.0,14.0,4.0,,25.0,33.01
114,718.0,15.0,4.0,,25.0,35.83
114,718.0,16.0,4.0,,25.0,38.17
114,718.0,17.0,4.0,,25.0,40.11
114,718.0,20.0,4.0,,25.0,46.83
114,718.0,21.0,4.0,,25.0,47.9
114,718.0,24.0,4.0,,25.0,53.63
116,398.0,0.0,0.0,,14.0,0.0
116,398.0,7.0,0.0,,14.0,2.1
116,398.0,14.0,0.0,,14.0,3.3
116,766.0,0.0,0.0,,14.0,0.0
116,766.0,7.0,0.0,,14.0,2.4
116,766.0,14.0,0.0,,14.0,4.0
116,767.0,0.0,0.0,,14.0,0.0
116,767.0,7.0,0.0,,14.0,3.0
116,767.0,14.0,0.0,,14.0,5.5
116,768.0,0.0,0.0,,14.0,0.0
116,768.0,7.0,0.0,,14.0,3.1
116,768.0,14.0,0.0,,14.0,4.9
116,769.0,0.0,0.0,,14.0,0.0
116,769.0,7.0,0.0,,14.0,2.4
116,769.0,14.0,0.0,,14.0,4.0
116,770.0,0.0,0.0,,14.0,0.0
116,770.0,7.0,0.0,,14.0,2.4
116,770.0,14.0,0.0,,14.0,4.5
116,771.0,0.0,0.0,,14.0,0.0
116,771.0,7.0,0.0,,14.0,2.7
116,771.0,14.0,0.0,,14.0,5.1
116,772.0,0.0,0.0,,14.0,0.0
116,772.0,7.0,0.0,,14.0,2.1
116,772.0,14.0,0.0,,14.0,4.1
116,773.0,0.0,0.0,,14.0,0.0
116,773.0,7.0,0.0,,14.0,2.8
116,773.0,14.0,0.0,,14.0,4.4
116,774.0,0.0,0.0,,14.0,0.0
116,774.0,7.0,0.0,,14.0,2.7
116,774.0,14.0,0.0,,14.0,4.5
116,775.0,0.0,0.0,,14.0,0.0
116,775.0,7.0,0.0,,14.0,2.7
116,775.0,14.0,0.0,,14.0,4.7
116,776.0,0.0,0.0,,14.0,0.0
116,776.0,7.0,0.0,,14.0,2.7
116,776.0,14.0,0.0,,14.0,4.4
116,777.0,0.0,0.0,,14.0,0.0
116,777.0,7.0,0.0,,14.0,2.9
116,777.0,14.0,0.0,,14.0,4.9
116,778.0,0.0,0.0,,14.0,0.0
116,778.0,7.0,0.0,,14.0,3.1
116,778.0,14.0,0.0,,14.0,5.8
116,779.0,0.0,0.0,,14.0,0.0
116,779.0,7.0,0.0,,14.0,2.0
116,779.0,14.0,0.0,,14.0,4.8
116,780.0,0.0,0.0,,14.0,0.0
116,780.0,7.0,0.0,,14.0,2.7
116,780.0,14.0,0.0,,14.0,6.2
116,781.0,0.0,0.0,,14.0,0.0
116,781.0,7.0,0.0,,14.0,2.5
116,781.0,14.0,0.0,,14.0,5.1
116,782.0,0.0,0.0,,14.0,0.0
116,782.0,7.0,0.0,,14.0,2.7
116,782.0,14.0,0.0,,14.0,4.6
116,783.0,0.0,0.0,,14.0,0.0
116,783.0,7.0,0.0,,14.0,3.5
116,783.0,14.0,0.0,,14.0,6.4
117,399.0,0.0,16.0,,5.0,0.17
117,399.0,1.0,16.0,,5.0,5.62
117,399.0,3.0,16.0,,5.0,17.87
117,399.0,4.0,16.0,,5.0,25.02
117,399.0,5.0,16.0,,5.0,32.17
117,762.0,0.0,16.0,,5.0,0.09
117,762.0,1.0,16.0,,5.0,2.13
117,762.0,3.0,16.0,,5.0,11.74
117,762.0,4.0,16.0,,5.0,17.7
117,762.0,5.0,16.0,,5.0,25.02
117,763.0,0.0,16.0,,5.0,0.09
117,763.0,1.0,16.0,,5.0,1.62
117,763.0,3.0,16.0,,5.0,10.72
117,763.0,4.0,16.0,,5.0,16.94
117,763.0,5.0,16.0,,5.0,23.91
117,764.0,0.0,16.0,,5.0,0.09
117,764.0,1.0,16.0,,5.0,2.13
117,764.0,3.0,16.0,,5.0,12.77
117,764.0,4.0,16.0,,5.0,18.64
117,764.0,5.0,16.0,,5.0,25.02
117,765.0,0.0,16.0,,5.0,0.26
117,765.0,1.0,16.0,,5.0,1.62
117,765.0,3.0,16.0,,5.0,10.64
117,765.0,4.0,16.0,,5.0,16.6
117,765.0,5.0,16.0,,5.0,22.13
116,784.0,0.0,0.0,,14.0,0.0
116,784.0,7.0,0.0,,14.0,2.5
116,784.0,14.0,0.0,,14.0,9.9
116,785.0,0.0,0.0,,14.0,0.0
116,785.0,7.0,0.0,,14.0,1.9
116,785.0,14.0,0.0,,14.0,4.0
116,786.0,0.0,0.0,,14.0,0.0
116,786.0,7.0,0.0,,14.0,2.4
116,786.0,14.0,0.0,,14.0,5.6
116,787.0,0.0,0.0,,14.0,0.0
116,787.0,7.0,0.0,,14.0,2.2
116,787.0,14.0,0.0,,14.0,4.2
116,788.0,0.0,0.0,,14.0,0.0
116,788.0,7.0,0.0,,14.0,2.8
116,788.0,14.0,0.0,,14.0,6.2
116,789.0,0.0,0.0,,14.0,0.0
116,789.0,7.0,0.0,,14.0,3.2
116,789.0,14.0,0.0,,14.0,5.9
121,403.0,0.0,,,10.0,0.0
121,403.0,2.0,,,10.0,12.24
121,403.0,4.0,,,10.0,26.48
121,403.0,6.0,,,10.0,41.22
121,403.0,8.0,,,10.0,61.08
121,403.0,10.0,,,10.0,81.18
120,402.0,0.0,4.0,90.0,14.0,0.0
120,402.0,4.0,4.0,90.0,14.0,2.74
120,402.0,8.0,4.0,90.0,14.0,14.34
120,758.0,0.0,4.0,90.0,14.0,0.0
120,758.0,4.0,4.0,90.0,14.0,2.28
120,758.0,8.0,4.0,90.0,14.0,6.7
120,758.0,12.0,4.0,90.0,14.0,9.38
120,759.0,0.0,4.0,90.0,14.0,0.0
120,759.0,4.0,4.0,90.0,14.0,2.18
120,759.0,8.0,4.0,90.0,14.0,5.94
120,759.0,12.0,4.0,90.0,14.0,9.46
120,760.0,0.0,4.0,90.0,14.0,0.0
120,760.0,4.0,4.0,90.0,14.0,2.11
120,760.0,8.0,4.0,90.0,14.0,5.12
120,760.0,12.0,4.0,90.0,14.0,7.89
120,761.0,0.0,4.0,90.0,14.0,0.0
120,761.0,4.0,4.0,90.0,14.0,1.98
120,761.0,8.0,4.0,90.0,14.0,4.08
120,761.0,12.0,4.0,90.0,14.0,6.89
121,754.0,0.0,,,10.0,0.0
121,754.0,2.0,,,10.0,8.51
121,754.0,4.0,,,10.0,16.21
121,754.0,6.0,,,10.0,24.86
121,754.0,8.0,,,10.0,38.21
121,754.0,10.0,,,10.0,60.04
121,755.0,0.0,,,10.0,0.0
121,755.0,2.0,,,10.0,7.46
121,755.0,4.0,,,10.0,12.26
121,755.0,6.0,,,10.0,19.29
121,755.0,8.0,,,10.0,25.69
121,755.0,10.0,,,10.0,35.72
121,756.0,0.0,,,10.0,0.0
121,756.0,2.0,,,10.0,6.25
121,756.0,4.0,,,10.0,11.86
121,756.0,6.0,,,10.0,19.53
121,756.0,8.0,,,10.0,23.36
121,756.0,10.0,,,10.0,28.37
121,757.0,0.0,,,10.0,0.0
121,757.0,2.0,,,10.0,5.38
121,757.0,4.0,,,10.0,11.32
121,757.0,6.0,,,10.0,17.06
121,757.0,8.0,,,10.0,24.63
121,757.0,10.0,,,10.0,30.3
126,408.0,0.0,25.0,50.0,6.0,0.0
126,408.0,1.0,25.0,50.0,6.0,7.46
126,408.0,2.0,25.0,50.0,6.0,16.19
126,408.0,3.0,25.0,50.0,6.0,22.93
126,408.0,4.0,25.0,50.0,6.0,29.22
126,408.0,5.0,25.0,50.0,6.0,35.69
126,408.0,6.0,25.0,50.0,6.0,44.23
126,683.0,0.0,25.0,50.0,6.0,0.0
126,683.0,1.0,25.0,50.0,6.0,5.84
126,683.0,2.0,25.0,50.0,6.0,12.4
126,683.0,3.0,25.0,50.0,6.0,17.61
126,683.0,4.0,25.0,50.0,6.0,22.28
126,683.0,5.0,25.0,50.0,6.0,27.31
126,683.0,6.0,25.0,50.0,6.0,33.24
126,684.0,0.0,25.0,50.0,6.0,0.0
126,684.0,1.0,25.0,50.0,6.0,5.39
126,684.0,2.0,25.0,50.0,6.0,11.32
126,684.0,3.0,25.0,50.0,6.0,16.17
126,684.0,4.0,25.0,50.0,6.0,20.48
126,684.0,5.0,25.0,50.0,6.0,25.15
126,684.0,6.0,25.0,50.0,6.0,29.91
126,685.0,0.0,25.0,50.0,6.0,0.0
126,685.0,1.0,25.0,50.0,6.0,4.85
126,685.0,2.0,25.0,50.0,6.0,10.33
126,685.0,3.0,25.0,50.0,6.0,14.37
126,685.0,4.0,25.0,50.0,6.0,18.59
126,685.0,5.0,25.0,50.0,6.0,22.18
126,685.0,6.0,25.0,50.0,6.0,27.48
127,409.0,0.0,23.5,,4.0,0.0
127,409.0,1.0,23.5,,4.0,1.84
127,409.0,2.0,23.5,,4.0,2.38
127,409.0,3.0,23.5,,4.0,4.44
127,409.0,4.0,23.5,,4.0,7.2
127,674.0,0.0,23.5,,4.0,0.0
127,674.0,1.0,23.5,,4.0,1.55
127,674.0,2.0,23.5,,4.0,2.09
127,674.0,3.0,23.5,,4.0,3.33
127,674.0,4.0,23.5,,4.0,5.22
127,675.0,0.0,23.5,,4.0,0.0
127,675.0,1.0,23.5,,4.0,1.49
127,675.0,2.0,23.5,,4.0,2.01
127,675.0,3.0,23.5,,4.0,2.75
127,675.0,4.0,23.5,,4.0,4.16
127,676.0,0.0,23.5,,4.0,0.0
127,676.0,1.0,23.5,,4.0,1.2
127,676.0,2.0,23.5,,4.0,1.89
127,676.0,3.0,23.5,,4.0,2.55
127,676.0,4.0,23.5,,4.0,3.7
127,677.0,0.0,23.5,,4.0,0.0
127,677.0,1.0,23.5,,4.0,1.15
127,677.0,2.0,23.5,,4.0,1.84
127,677.0,3.0,23.5,,4.0,2.35
127,677.0,4.0,23.5,,4.0,3.61
127,678.0,0.0,23.5,,4.0,0.0
127,678.0,1.0,23.5,,4.0,1.06
127,678.0,2.0,23.5,,4.0,1.81
127,678.0,3.0,23.5,,4.0,2.47
127,678.0,4.0,23.5,,4.0,3.76
126,686.0,0.0,25.0,50.0,6.0,0.0
126,686.0,1.0,25.0,50.0,6.0,3.86
126,686.0,2.0,25.0,50.0,6.0,8.26
126,686.0,3.0,25.0,50.0,6.0,11.49
126,686.0,4.0,25.0,50.0,6.0,14.71
126,686.0,5.0,25.0,50.0,6.0,18.39
126,686.0,6.0,25.0,50.0,6.0,22.88
131,413.0,1.0,4.0,,7.0,5.46
131,413.0,2.0,4.0,,7.0,9.62
131,413.0,3.0,4.0,,7.0,14.88
131,413.0,4.0,4.0,,7.0,26.37
131,413.0,5.0,4.0,,7.0,33.48
131,413.0,6.0,4.0,,7.0,34.04
131,413.0,7.0,4.0,,7.0,45.63
130,412.0,0.0,4.0,85.0,14.0,-0.2
130,412.0,2.0,4.0,85.0,14.0,12.1
130,412.0,4.0,4.0,85.0,14.0,18.5
130,412.0,6.0,4.0,85.0,14.0,22.16
130,412.0,8.0,4.0,85.0,14.0,27.74
130,412.0,10.0,4.0,85.0,14.0,32.0
130,412.0,12.0,4.0,85.0,14.0,36.47
130,412.0,14.0,4.0,85.0,14.0,40.63
130,646.0,0.0,4.0,85.0,14.0,0.0
130,646.0,2.0,4.0,85.0,14.0,-0.12
130,646.0,4.0,4.0,85.0,14.0,3.74
130,646.0,6.0,4.0,85.0,14.0,8.1
130,646.0,8.0,4.0,85.0,14.0,11.25
130,646.0,10.0,4.0,85.0,14.0,14.18
130,646.0,12.0,4.0,85.0,14.0,17.12
130,646.0,14.0,4.0,85.0,14.0,20.16
130,647.0,0.0,4.0,85.0,14.0,-0.1
130,647.0,2.0,4.0,85.0,14.0,-0.12
130,647.0,4.0,4.0,85.0,14.0,0.58
130,647.0,6.0,4.0,85.0,14.0,4.74
130,647.0,8.0,4.0,85.0,14.0,9.62
130,647.0,10.0,4.0,85.0,14.0,12.35
130,647.0,12.0,4.0,85.0,14.0,14.27
130,647.0,14.0,4.0,85.0,14.0,19.04
129,411.0,0.0,10.0,70.0,6.0,0.2
129,411.0,1.0,10.0,70.0,6.0,3.59
129,411.0,2.0,10.0,70.0,6.0,8.27
129,411.0,3.0,10.0,70.0,6.0,12.61
129,411.0,4.0,10.0,70.0,6.0,17.55
129,411.0,5.0,10.0,70.0,6.0,22.97
129,411.0,6.0,10.0,70.0,6.0,28.85
129,634.0,0.0,10.0,70.0,6.0,0.34
129,634.0,1.0,10.0,70.0,6.0,3.12
129,634.0,2.0,10.0,70.0,6.0,6.85
129,634.0,3.0,10.0,70.0,6.0,10.31
129,634.0,4.0,10.0,70.0,6.0,13.57
129,634.0,5.0,10.0,70.0,6.0,16.83
129,634.0,6.0,10.0,70.0,6.0,20.02
129,635.0,0.0,10.0,70.0,6.0,0.13
129,635.0,1.0,10.0,70.0,6.0,1.98
129,635.0,2.0,10.0,70.0,6.0,4.16
129,635.0,3.0,10.0,70.0,6.0,6.54
129,635.0,4.0,10.0,70.0,6.0,9.12
129,635.0,5.0,10.0,70.0,6.0,11.71
129,635.0,6.0,10.0,70.0,6.0,14.43
129,636.0,0.0,10.0,70.0,6.0,0.27
129,636.0,1.0,10.0,70.0,6.0,2.58
129,636.0,2.0,10.0,70.0,6.0,5.77
129,636.0,3.0,10.0,70.0,6.0,9.03
129,636.0,4.0,10.0,70.0,6.0,12.63
129,636.0,5.0,10.0,70.0,6.0,15.62
129,636.0,6.0,10.0,70.0,6.0,18.81
129,637.0,0.0,10.0,70.0,6.0,0.34
129,637.0,1.0,10.0,70.0,6.0,1.84
129,637.0,2.0,10.0,70.0,6.0,3.75
129,637.0,3.0,10.0,70.0,6.0,6.2
129,637.0,4.0,10.0,70.0,6.0,8.45
129,637.0,5.0,10.0,70.0,6.0,11.03
129,637.0,6.0,10.0,70.0,6.0,13.35
134,416.0,0.0,4.0,70.0,8.0,0.0
134,416.0,2.0,4.0,70.0,8.0,1.03
134,416.0,4.0,4.0,70.0,8.0,2.24
134,416.0,6.0,4.0,70.0,8.0,3.24
134,416.0,8.0,4.0,70.0,8.0,5.65
134,611.0,0.0,4.0,70.0,8.0,0.0
134,611.0,2.0,4.0,70.0,8.0,0.34
134,611.0,4.0,4.0,70.0,8.0,1.2
134,611.0,6.0,4.0,70.0,8.0,2.48
134,611.0,8.0,4.0,70.0,8.0,4.58
131,656.0,1.0,4.0,,7.0,7.86
131,656.0,2.0,4.0,,7.0,12.79
131,656.0,3.0,4.0,,7.0,17.83
131,656.0,4.0,4.0,,7.0,22.65
131,656.0,5.0,4.0,,7.0,27.37
131,656.0,6.0,4.0,,7.0,27.6
131,656.0,7.0,4.0,,7.0,36.68
131,660.0,1.0,4.0,,7.0,8.52
131,660.0,2.0,4.0,,7.0,15.08
131,660.0,3.0,4.0,,7.0,20.34
131,660.0,4.0,4.0,,7.0,26.26
131,660.0,5.0,4.0,,7.0,31.95
131,660.0,6.0,4.0,,7.0,32.3
131,660.0,7.0,4.0,,7.0,45.74
135,417.0,0.0,20.0,70.0,5.0,0.0
135,417.0,1.0,20.0,70.0,5.0,11.05
135,417.0,2.0,20.0,70.0,5.0,23.33
135,417.0,3.0,20.0,70.0,5.0,38.68
135,417.0,4.0,20.0,70.0,5.0,55.51
135,417.0,5.0,20.0,70.0,5.0,63.25
135,751.0,0.0,20.0,70.0,5.0,0.0
135,751.0,1.0,20.0,70.0,5.0,8.11
135,751.0,2.0,20.0,70.0,5.0,16.09
135,751.0,3.0,20.0,70.0,5.0,26.53
135,751.0,4.0,20.0,70.0,5.0,48.26
135,751.0,5.0,20.0,70.0,5.0,52.93
134,613.0,0.0,4.0,70.0,8.0,0.0
134,613.0,2.0,4.0,70.0,8.0,0.17
134,613.0,4.0,4.0,70.0,8.0,0.96
134,613.0,6.0,4.0,70.0,8.0,3.75
134,613.0,8.0,4.0,70.0,8.0,6.13
137,419.0,0.0,8.5,70.0,16.0,0.0
137,419.0,6.0,8.5,70.0,16.0,25.23
137,419.0,12.0,8.5,70.0,16.0,42.53
137,419.0,16.0,8.5,70.0,16.0,52.52
137,623.0,0.0,8.5,70.0,16.0,0.0
137,623.0,6.0,8.5,70.0,16.0,22.06
137,623.0,12.0,8.5,70.0,16.0,44.64
137,623.0,16.0,8.5,70.0,16.0,56.09
137,624.0,0.0,8.5,70.0,16.0,0.0
137,624.0,6.0,8.5,70.0,16.0,12.55
137,624.0,12.0,8.5,70.0,16.0,26.55
137,624.0,16.0,8.5,70.0,16.0,35.09
135,752.0,0.0,20.0,70.0,5.0,0.0
135,752.0,1.0,20.0,70.0,5.0,9.58
135,752.0,2.0,20.0,70.0,5.0,19.4
135,752.0,3.0,20.0,70.0,5.0,32.67
135,752.0,4.0,20.0,70.0,5.0,52.68
135,752.0,5.0,20.0,70.0,5.0,58.09
135,753.0,0.0,20.0,70.0,5.0,0.0
135,753.0,1.0,20.0,70.0,5.0,7.37
135,753.0,2.0,20.0,70.0,5.0,13.26
135,753.0,3.0,20.0,70.0,5.0,20.39
135,753.0,4.0,20.0,70.0,5.0,39.79
135,753.0,5.0,20.0,70.0,5.0,44.95
137,626.0,0.0,8.5,70.0,16.0,0.0
137,626.0,6.0,8.5,70.0,16.0,2.25
137,626.0,12.0,8.5,70.0,16.0,5.28
137,626.0,16.0,8.5,70.0,16.0,7.62
141,423.0,0.0,,,6.0,-0.02
141,423.0,1.0,,,6.0,0.72
141,423.0,2.0,,,6.0,1.8
141,423.0,3.0,,,6.0,2.63
141,423.0,4.0,,,6.0,3.27
141,423.0,6.0,,,6.0,4.19
141,594.0,0.0,,,6.0,0.0
141,594.0,1.0,,,6.0,0.66
141,594.0,2.0,,,6.0,1.59
141,594.0,3.0,,,6.0,2.36
141,594.0,4.0,,,6.0,2.88
141,594.0,6.0,,,6.0,3.71
141,595.0,0.0,,,6.0,0.05
141,595.0,1.0,,,6.0,0.69
141,595.0,2.0,,,6.0,1.62
141,595.0,3.0,,,6.0,2.46
141,595.0,4.0,,,6.0,3.14
141,595.0,6.0,,,6.0,4.06
141,596.0,0.0,,,6.0,-0.03
141,596.0,1.0,,,6.0,0.4
141,596.0,2.0,,,6.0,1.26
141,596.0,3.0,,,6.0,2.01
141,596.0,4.0,,,6.0,2.42
141,596.0,6.0,,,6.0,3.31
140,422.0,0.0,20.0,80.0,6.0,-0.02
140,422.0,2.0,20.0,80.0,6.0,4.56
140,422.0,4.0,20.0,80.0,6.0,7.99
140,422.0,6.0,20.0,80.0,6.0,9.98
140,597.0,0.0,20.0,80.0,6.0,0.0
140,597.0,2.0,20.0,80.0,6.0,4.0
140,597.0,4.0,20.0,80.0,6.0,7.5
140,597.0,6.0,20.0,80.0,6.0,8.77
140,599.0,0.0,20.0,80.0,6.0,0.0
140,599.0,2.0,20.0,80.0,6.0,3.01
140,599.0,4.0,20.0,80.0,6.0,6.25
140,599.0,6.0,20.0,80.0,6.0,7.72
140,600.0,0.0,20.0,80.0,6.0,0.02
140,600.0,2.0,20.0,80.0,6.0,2.79
140,600.0,4.0,20.0,80.0,6.0,6.23
140,600.0,6.0,20.0,80.0,6.0,7.7
144,426.0,0.0,4.0,,16.0,0.05
144,426.0,4.0,4.0,,16.0,4.81
144,426.0,8.0,4.0,,16.0,7.15
144,426.0,12.0,4.0,,16.0,10.45
144,426.0,16.0,4.0,,16.0,14.7
144,603.0,0.0,4.0,,16.0,0.03
144,603.0,4.0,4.0,,16.0,3.85
144,603.0,8.0,4.0,,16.0,4.27
144,603.0,12.0,4.0,,16.0,6.88
144,603.0,16.0,4.0,,16.0,8.7
144,604.0,0.0,4.0,,16.0,-0.05
144,604.0,4.0,4.0,,16.0,2.24
144,604.0,8.0,4.0,,16.0,2.47
144,604.0,12.0,4.0,,16.0,5.53
144,604.0,16.0,4.0,,16.0,7.3
144,605.0,0.0,4.0,,16.0,-0.03
144,605.0,4.0,4.0,,16.0,2.0
144,605.0,8.0,4.0,,16.0,3.53
144,605.0,12.0,4.0,,16.0,4.61
144,605.0,16.0,4.0,,16.0,6.48
141,748.0,0.0,,,6.0,0.02
141,748.0,1.0,,,6.0,0.8
141,748.0,2.0,,,6.0,2.09
141,748.0,3.0,,,6.0,2.78
141,748.0,4.0,,,6.0,3.35
141,748.0,6.0,,,6.0,4.35
141,749.0,0.0,,,6.0,-0.02
141,749.0,1.0,,,6.0,0.75
141,749.0,2.0,,,6.0,1.77
141,749.0,3.0,,,6.0,2.54
141,749.0,4.0,,,6.0,2.98
141,749.0,6.0,,,6.0,3.74
141,750.0,0.0,,,6.0,-0.02
141,750.0,1.0,,,6.0,0.83
141,750.0,2.0,,,6.0,1.35
141,750.0,3.0,,,6.0,2.05
141,750.0,4.0,,,6.0,2.57
141,750.0,6.0,,,6.0,3.68
147,429.0,0.0,25.0,50.0,8.0,0.0
147,429.0,1.0,25.0,50.0,8.0,2.49
147,429.0,2.0,25.0,50.0,8.0,5.74
147,429.0,3.0,25.0,50.0,8.0,7.11
147,429.0,4.0,25.0,50.0,8.0,10.77
147,429.0,5.0,25.0,50.0,8.0,15.55
147,429.0,6.0,25.0,50.0,8.0,16.4
147,429.0,7.0,25.0,50.0,8.0,20.83
147,429.0,8.0,25.0,50.0,8.0,22.45
147,578.0,0.0,25.0,50.0,8.0,0.0
147,578.0,1.0,25.0,50.0,8.0,1.37
147,578.0,2.0,25.0,50.0,8.0,2.07
147,578.0,3.0,25.0,50.0,8.0,5.07
147,578.0,4.0,25.0,50.0,8.0,8.32
147,578.0,5.0,25.0,50.0,8.0,12.9
147,578.0,6.0,25.0,50.0,8.0,13.6
147,578.0,7.0,25.0,50.0,8.0,15.33
147,578.0,8.0,25.0,50.0,8.0,18.78
147,579.0,0.0,25.0,50.0,8.0,0.0
147,579.0,1.0,25.0,50.0,8.0,1.11
147,579.0,2.0,25.0,50.0,8.0,1.87
147,579.0,3.0,25.0,50.0,8.0,3.49
147,579.0,4.0,25.0,50.0,8.0,7.25
147,579.0,5.0,25.0,50.0,8.0,11.47
147,579.0,6.0,25.0,50.0,8.0,13.76
147,579.0,7.0,25.0,50.0,8.0,14.41
147,579.0,8.0,25.0,50.0,8.0,16.54
144,606.0,0.0,4.0,,16.0,-0.05
144,606.0,4.0,4.0,,16.0,2.06
144,606.0,8.0,4.0,,16.0,3.08
144,606.0,12.0,4.0,,16.0,4.45
144,606.0,16.0,4.0,,16.0,5.61
144,607.0,0.0,4.0,,16.0,0.03
144,607.0,4.0,4.0,,16.0,2.0
144,607.0,8.0,4.0,,16.0,3.16
144,607.0,12.0,4.0,,16.0,3.87
144,607.0,16.0,4.0,,16.0,6.66
150,432.0,0.0,4.0,,16.0,0.0
150,432.0,4.0,4.0,,16.0,7.18
150,432.0,8.0,4.0,,16.0,16.48
150,432.0,12.0,4.0,,16.0,27.18
150,432.0,16.0,4.0,,16.0,38.03
150,587.0,0.0,4.0,,16.0,0.0
150,587.0,4.0,4.0,,16.0,8.59
150,587.0,8.0,4.0,,16.0,15.63
150,587.0,12.0,4.0,,16.0,19.86
150,587.0,16.0,4.0,,16.0,25.49
150,588.0,0.0,4.0,,16.0,0.0
150,588.0,4.0,4.0,,16.0,5.35
150,588.0,8.0,4.0,,16.0,12.11
150,588.0,12.0,4.0,,16.0,14.79
150,588.0,16.0,4.0,,16.0,17.46
150,589.0,0.0,4.0,,16.0,0.0
150,589.0,4.0,4.0,,16.0,7.61
150,589.0,8.0,4.0,,16.0,14.93
150,589.0,12.0,4.0,,16.0,18.59
150,589.0,16.0,4.0,,16.0,21.13
151,433.0,0.0,5.0,,20.0,0.0
151,433.0,5.0,5.0,,20.0,8.49
151,433.0,10.0,5.0,,20.0,17.38
151,433.0,15.0,5.0,,20.0,25.21
151,433.0,20.0,5.0,,20.0,35.0
147,580.0,0.0,25.0,50.0,8.0,0.0
147,580.0,1.0,25.0,50.0,8.0,0.81
147,580.0,2.0,25.0,50.0,8.0,1.36
147,580.0,3.0,25.0,50.0,8.0,2.52
147,580.0,4.0,25.0,50.0,8.0,6.23
147,580.0,5.0,25.0,50.0,8.0,8.72
147,580.0,6.0,25.0,50.0,8.0,10.55
147,580.0,7.0,25.0,50.0,8.0,11.31
147,580.0,8.0,25.0,50.0,8.0,11.91
151,582.0,0.0,5.0,,20.0,0.0
151,582.0,5.0,5.0,,20.0,2.91
151,582.0,10.0,5.0,,20.0,5.64
151,582.0,15.0,5.0,,20.0,8.78
151,582.0,20.0,5.0,,20.0,15.12
153,435.0,0.0,2.0,88.0,14.0,0.13
153,435.0,2.0,2.0,88.0,14.0,4.43
153,435.0,5.0,2.0,88.0,14.0,6.16
153,435.0,7.0,2.0,88.0,14.0,7.18
153,435.0,10.0,2.0,88.0,14.0,10.73
153,435.0,14.0,2.0,88.0,14.0,12.42
156,438.0,0.0,4.0,,13.0,0.0
156,438.0,2.0,4.0,,13.0,3.66
156,438.0,5.0,4.0,,13.0,5.25
156,438.0,9.0,4.0,,13.0,10.77
156,438.0,13.0,4.0,,13.0,20.65
153,567.0,0.0,2.0,88.0,14.0,0.04
153,567.0,2.0,2.0,88.0,14.0,2.07
153,567.0,5.0,2.0,88.0,14.0,4.65
153,567.0,7.0,2.0,88.0,14.0,5.37
153,567.0,10.0,2.0,88.0,14.0,8.12
153,567.0,14.0,2.0,88.0,14.0,10.06
153,568.0,0.0,2.0,88.0,14.0,0.04
153,568.0,2.0,2.0,88.0,14.0,2.16
153,568.0,5.0,2.0,88.0,14.0,4.1
153,568.0,7.0,2.0,88.0,14.0,5.12
153,568.0,10.0,2.0,88.0,14.0,8.88
153,568.0,14.0,2.0,88.0,14.0,11.79
153,569.0,0.0,2.0,88.0,14.0,0.08
153,569.0,2.0,2.0,88.0,14.0,2.16
153,569.0,5.0,2.0,88.0,14.0,4.06
153,569.0,7.0,2.0,88.0,14.0,5.75
153,569.0,10.0,2.0,88.0,14.0,7.7
153,569.0,14.0,2.0,88.0,14.0,10.99
157,439.0,0.0,25.0,,8.0,0.0
157,439.0,1.0,25.0,,8.0,7.04
157,439.0,2.0,25.0,,8.0,12.96
157,439.0,3.0,25.0,,8.0,19.1
157,439.0,4.0,25.0,,8.0,26.82
157,439.0,5.0,25.0,,8.0,38.59
157,439.0,6.0,25.0,,8.0,51.04
157,439.0,7.0,25.0,,8.0,59.44
157,439.0,8.0,25.0,,8.0,67.61
157,557.0,0.0,25.0,,8.0,0.0
157,557.0,1.0,25.0,,8.0,3.66
157,557.0,2.0,25.0,,8.0,5.97
157,557.0,3.0,25.0,,8.0,7.61
157,557.0,4.0,25.0,,8.0,11.95
157,557.0,5.0,25.0,,8.0,18.76
157,557.0,6.0,25.0,,8.0,22.2
157,557.0,7.0,25.0,,8.0,29.24
157,557.0,8.0,25.0,,8.0,37.18
157,558.0,0.0,25.0,,8.0,0.0
157,558.0,1.0,25.0,,8.0,2.76
157,558.0,2.0,25.0,,8.0,6.42
157,558.0,3.0,25.0,,8.0,11.21
157,558.0,4.0,25.0,,8.0,16.45
157,558.0,5.0,25.0,,8.0,19.66
157,558.0,6.0,25.0,,8.0,27.16
157,558.0,7.0,25.0,,8.0,34.2
157,558.0,8.0,25.0,,8.0,44.4
157,559.0,0.0,25.0,,8.0,0.0
157,559.0,1.0,25.0,,8.0,2.76
157,559.0,2.0,25.0,,8.0,5.97
157,559.0,3.0,25.0,,8.0,8.96
157,559.0,4.0,25.0,,8.0,16.45
157,559.0,5.0,25.0,,8.0,19.66
157,559.0,6.0,25.0,,8.0,27.61
157,559.0,7.0,25.0,,8.0,36.0
157,559.0,8.0,25.0,,8.0,42.59
156,560.0,0.0,4.0,,13.0,0.16
156,560.0,2.0,4.0,,13.0,1.52
156,560.0,5.0,4.0,,13.0,3.18
156,560.0,9.0,4.0,,13.0,7.32
156,560.0,13.0,4.0,,13.0,10.5
156,744.0,0.0,4.0,,13.0,0.07
156,744.0,2.0,4.0,,13.0,1.93
156,744.0,5.0,4.0,,13.0,3.87
156,744.0,9.0,4.0,,13.0,5.66
156,744.0,13.0,4.0,,13.0,9.67
163,539.0,0.0,25.0,,7.0,0.0
163,539.0,1.0,25.0,,7.0,2.68
163,539.0,2.0,25.0,,7.0,3.74
163,539.0,3.0,25.0,,7.0,5.37
163,539.0,4.0,25.0,,7.0,7.64
163,539.0,5.0,25.0,,7.0,11.46
163,539.0,6.0,25.0,,7.0,18.86
163,539.0,7.0,25.0,,7.0,27.56
163,545.0,0.0,25.0,,7.0,0.0
163,545.0,1.0,25.0,,7.0,1.38
163,545.0,2.0,25.0,,7.0,2.44
163,545.0,3.0,25.0,,7.0,3.5
163,545.0,4.0,25.0,,7.0,5.28
163,545.0,5.0,25.0,,7.0,6.18
163,545.0,6.0,25.0,,7.0,8.13
163,545.0,7.0,25.0,,7.0,9.43
164,446.0,0.0,25.0,50.0,6.0,0.0
164,446.0,2.0,25.0,50.0,6.0,30.58
164,446.0,6.0,25.0,50.0,6.0,88.74
164,535.0,0.0,25.0,50.0,6.0,0.0
164,535.0,2.0,25.0,50.0,6.0,27.39
164,535.0,6.0,25.0,50.0,6.0,77.86
162,444.0,0.0,25.0,75.0,7.0,0.0
162,444.0,1.0,25.0,75.0,7.0,4.78
162,444.0,2.0,25.0,75.0,7.0,10.52
162,444.0,3.0,25.0,75.0,7.0,15.42
162,444.0,4.0,25.0,75.0,7.0,20.65
162,444.0,5.0,25.0,75.0,7.0,23.98
162,444.0,6.0,25.0,75.0,7.0,28.38
162,444.0,7.0,25.0,75.0,7.0,33.0
162,547.0,0.0,25.0,75.0,7.0,0.0
162,547.0,1.0,25.0,75.0,7.0,2.31
162,547.0,2.0,25.0,75.0,7.0,6.26
162,547.0,3.0,25.0,75.0,7.0,12.39
162,547.0,4.0,25.0,75.0,7.0,17.06
162,547.0,5.0,25.0,75.0,7.0,21.12
162,547.0,6.0,25.0,75.0,7.0,25.91
162,547.0,7.0,25.0,75.0,7.0,29.13
162,548.0,0.0,25.0,75.0,7.0,0.0
162,548.0,1.0,25.0,75.0,7.0,0.8
162,548.0,2.0,25.0,75.0,7.0,6.37
162,548.0,3.0,25.0,75.0,7.0,10.59
162,548.0,4.0,25.0,75.0,7.0,14.88
162,548.0,5.0,25.0,75.0,7.0,17.87
162,548.0,6.0,25.0,75.0,7.0,21.31
162,548.0,7.0,25.0,75.0,7.0,24.3
164,742.0,0.0,25.0,50.0,6.0,0.0
164,742.0,2.0,25.0,50.0,6.0,22.33
164,742.0,6.0,25.0,50.0,6.0,59.47
164,743.0,0.0,25.0,50.0,6.0,0.0
164,743.0,2.0,25.0,50.0,6.0,20.08
164,743.0,6.0,25.0,50.0,6.0,67.54
170,452.0,0.0,21.0,50.0,6.0,0.0
170,452.0,1.0,21.0,50.0,6.0,2.85
170,452.0,2.0,21.0,50.0,6.0,5.16
170,452.0,3.0,21.0,50.0,6.0,8.29
170,452.0,4.0,21.0,50.0,6.0,9.44
170,452.0,5.0,21.0,50.0,6.0,16.52
170,452.0,6.0,21.0,50.0,6.0,18.15
172,454.0,0.0,21.0,,7.0,0.0
172,454.0,1.0,21.0,,7.0,5.29
172,454.0,4.0,21.0,,7.0,14.9
172,454.0,7.0,21.0,,7.0,30.45
172,507.0,0.0,21.0,,7.0,0.0
172,507.0,1.0,21.0,,7.0,2.27
172,507.0,4.0,21.0,,7.0,4.79
172,507.0,7.0,21.0,,7.0,9.4
172,745.0,0.0,21.0,,7.0,0.0
172,745.0,1.0,21.0,,7.0,2.27
172,745.0,4.0,21.0,,7.0,6.42
172,745.0,7.0,21.0,,7.0,16.84
170,515.0,0.0,21.0,50.0,6.0,0.0
170,515.0,1.0,21.0,50.0,6.0,1.35
170,515.0,2.0,21.0,50.0,6.0,3.11
170,515.0,3.0,21.0,50.0,6.0,5.15
170,515.0,4.0,21.0,50.0,6.0,8.34
170,515.0,5.0,21.0,50.0,6.0,12.84
170,515.0,6.0,21.0,50.0,6.0,15.63
170,516.0,0.0,21.0,50.0,6.0,0.0
170,516.0,1.0,21.0,50.0,6.0,1.62
170,516.0,2.0,21.0,50.0,6.0,3.11
170,516.0,3.0,21.0,50.0,6.0,5.15
170,516.0,4.0,21.0,50.0,6.0,7.12
170,516.0,5.0,21.0,50.0,6.0,9.08
170,516.0,6.0,21.0,50.0,6.0,15.22
170,517.0,0.0,21.0,50.0,6.0,0.0
170,517.0,1.0,21.0,50.0,6.0,1.89
170,517.0,2.0,21.0,50.0,6.0,3.79
170,517.0,3.0,21.0,50.0,6.0,5.97
170,517.0,4.0,21.0,50.0,6.0,8.82
170,517.0,5.0,21.0,50.0,6.0,12.63
170,517.0,6.0,21.0,50.0,6.0,14.81
172,746.0,0.0,21.0,,7.0,0.0
172,746.0,1.0,21.0,,7.0,2.62
172,746.0,4.0,21.0,,7.0,10.14
172,746.0,7.0,21.0,,7.0,22.77
172,747.0,0.0,21.0,,7.0,0.0
172,747.0,1.0,21.0,,7.0,4.71
172,747.0,4.0,21.0,,7.0,12.81
172,747.0,7.0,21.0,,7.0,23.59
179,461.0,0.0,4.0,,20.0,0.0
179,461.0,5.0,4.0,,20.0,2.06
179,461.0,10.0,4.0,,20.0,5.41
179,461.0,15.0,4.0,,20.0,8.06
179,461.0,20.0,4.0,,20.0,12.5
179,483.0,0.0,4.0,,20.0,0.0
179,483.0,5.0,4.0,,20.0,2.72
179,483.0,10.0,4.0,,20.0,5.46
179,483.0,15.0,4.0,,20.0,6.75
179,483.0,20.0,4.0,,20.0,8.3
178,460.0,0.0,25.0,,7.0,0.0
178,460.0,1.0,25.0,,7.0,0.19
178,460.0,2.0,25.0,,7.0,0.3
178,460.0,3.0,25.0,,7.0,0.45
178,460.0,4.0,25.0,,7.0,0.59
178,460.0,5.0,25.0,,7.0,0.76
178,460.0,6.0,25.0,,7.0,0.83
178,460.0,7.0,25.0,,7.0,0.96
178,492.0,0.0,25.0,,7.0,0.0
178,492.0,1.0,25.0,,7.0,0.19
178,492.0,2.0,25.0,,7.0,0.29
178,492.0,3.0,25.0,,7.0,0.35
178,492.0,4.0,25.0,,7.0,0.56
178,492.0,5.0,25.0,,7.0,0.6
178,492.0,6.0,25.0,,7.0,0.73
178,492.0,7.0,25.0,,7.0,0.87
178,493.0,0.0,25.0,,7.0,0.0
178,493.0,1.0,25.0,,7.0,0.2
178,493.0,2.0,25.0,,7.0,0.27
178,493.0,3.0,25.0,,7.0,0.33
178,493.0,4.0,25.0,,7.0,0.54
178,493.0,5.0,25.0,,7.0,0.57
178,493.0,6.0,25.0,,7.0,0.67
178,493.0,7.0,25.0,,7.0,0.78
178,494.0,0.0,25.0,,7.0,0.0
178,494.0,1.0,25.0,,7.0,0.19
178,494.0,2.0,25.0,,7.0,0.25
178,494.0,3.0,25.0,,7.0,0.31
178,494.0,4.0,25.0,,7.0,0.46
178,494.0,5.0,25.0,,7.0,0.53
178,494.0,6.0,25.0,,7.0,0.61
178,494.0,7.0,25.0,,7.0,0.75
178,495.0,0.0,25.0,,7.0,0.0
178,495.0,1.0,25.0,,7.0,0.2
178,495.0,2.0,25.0,,7.0,0.25
178,495.0,3.0,25.0,,7.0,0.29
178,495.0,4.0,25.0,,7.0,0.38
178,495.0,5.0,25.0,,7.0,0.46
178,495.0,6.0,25.0,,7.0,0.51
178,495.0,7.0,25.0,,7.0,0.62
177,459.0,0.0,4.0,,8.0,0.0
177,459.0,2.0,4.0,,8.0,8.04
177,459.0,4.0,4.0,,8.0,13.07
177,459.0,6.0,4.0,,8.0,22.15
177,459.0,8.0,4.0,,8.0,28.15
177,496.0,0.0,4.0,,8.0,0.0
177,496.0,2.0,4.0,,8.0,7.08
177,496.0,4.0,4.0,,8.0,11.08
177,496.0,6.0,4.0,,8.0,18.1
177,496.0,8.0,4.0,,8.0,25.06
177,497.0,0.0,4.0,,8.0,0.0
177,497.0,2.0,4.0,,8.0,4.81
177,497.0,4.0,4.0,,8.0,9.91
177,497.0,6.0,4.0,,8.0,14.94
177,497.0,8.0,4.0,,8.0,22.04
177,498.0,0.0,4.0,,8.0,0.0
177,498.0,2.0,4.0,,8.0,2.96
177,498.0,4.0,4.0,,8.0,6.82
177,498.0,6.0,4.0,,8.0,9.93
177,498.0,8.0,4.0,,8.0,16.0
179,484.0,0.0,4.0,,20.0,0.0
179,484.0,5.0,4.0,,20.0,1.36
179,484.0,10.0,4.0,,20.0,3.25
179,484.0,15.0,4.0,,20.0,4.32
179,484.0,20.0,4.0,,20.0,6.24
182,820.0,0.0,4.0,36.0,12.0,0.0
182,820.0,4.0,4.0,36.0,12.0,6.73
182,820.0,8.0,4.0,36.0,12.0,15.43
182,820.0,12.0,4.0,36.0,12.0,21.28
182,834.0,0.0,4.0,36.0,12.0,0.0
182,834.0,4.0,4.0,36.0,12.0,4.1
182,834.0,8.0,4.0,36.0,12.0,12.53
182,834.0,12.0,4.0,36.0,12.0,20.06
182,835.0,0.0,4.0,36.0,12.0,0.0
182,835.0,4.0,4.0,36.0,12.0,5.48
182,835.0,8.0,4.0,36.0,12.0,13.53
182,835.0,12.0,4.0,36.0,12.0,21.37
182,836.0,0.0,4.0,36.0,12.0,0.0
182,836.0,4.0,4.0,36.0,12.0,5.72
182,836.0,8.0,4.0,36.0,12.0,13.1
182,836.0,12.0,4.0,36.0,12.0,20.09
182,837.0,0.0,4.0,36.0,12.0,0.0
182,837.0,4.0,4.0,36.0,12.0,4.11
182,837.0,8.0,4.0,36.0,12.0,15.19
182,837.0,12.0,4.0,36.0,12.0,23.51
184,822.0,0.0,2.0,,12.0,0.0
184,822.0,3.0,2.0,,12.0,0.78
184,822.0,6.0,2.0,,12.0,1.24
184,822.0,9.0,2.0,,12.0,1.63
184,822.0,12.0,2.0,,12.0,2.97
184,846.0,0.0,2.0,,12.0,0.0
184,846.0,3.0,2.0,,12.0,0.26
184,846.0,6.0,2.0,,12.0,0.54
184,846.0,9.0,2.0,,12.0,0.92
184,846.0,12.0,2.0,,12.0,1.76
184,847.0,0.0,2.0,,12.0,0.0
184,847.0,3.0,2.0,,12.0,0.2
184,847.0,6.0,2.0,,12.0,0.5
184,847.0,9.0,2.0,,12.0,1.24
184,847.0,12.0,2.0,,12.0,3.32
184,848.0,0.0,2.0,,12.0,0.0
184,848.0,3.0,2.0,,12.0,0.63
184,848.0,6.0,2.0,,12.0,0.93
184,848.0,9.0,2.0,,12.0,1.5
184,848.0,12.0,2.0,,12.0,2.54
184,849.0,0.0,2.0,,12.0,0.0
184,849.0,3.0,2.0,,12.0,0.34
184,849.0,6.0,2.0,,12.0,0.53
184,849.0,9.0,2.0,,12.0,0.77
184,849.0,12.0,2.0,,12.0,1.58
184,850.0,0.0,2.0,,12.0,0.0
184,850.0,3.0,2.0,,12.0,0.39
184,850.0,6.0,2.0,,12.0,0.61
184,850.0,9.0,2.0,,12.0,1.02
184,850.0,12.0,2.0,,12.0,1.92
185,823.0,5.0,4.0,,15.0,4.03
185,823.0,10.0,4.0,,15.0,9.6
185,823.0,15.0,4.0,,15.0,15.76
185,859.0,5.0,4.0,,15.0,3.55
185,859.0,10.0,4.0,,15.0,8.71
185,859.0,15.0,4.0,,15.0,11.37
185,860.0,5.0,4.0,,15.0,2.01
185,860.0,10.0,4.0,,15.0,7.76
185,860.0,15.0,4.0,,15.0,10.9
185,861.0,5.0,4.0,,15.0,2.96
185,861.0,10.0,4.0,,15.0,8.89
185,861.0,15.0,4.0,,15.0,10.31
198,852.0,0.0,4.0,,15.0,0.0
198,852.0,3.0,4.0,,15.0,0.77
198,852.0,6.0,4.0,,15.0,1.25
198,852.0,9.0,4.0,,15.0,1.61
198,852.0,12.0,4.0,,15.0,3.93
198,852.0,15.0,4.0,,15.0,5.83
198,877.0,0.0,4.0,,15.0,0.0
198,877.0,3.0,4.0,,15.0,0.7
198,877.0,6.0,4.0,,15.0,0.99
198,877.0,9.0,4.0,,15.0,1.8
198,877.0,12.0,4.0,,15.0,3.82
198,877.0,15.0,4.0,,15.0,5.14
198,878.0,0.0,4.0,,15.0,0.0
198,878.0,3.0,4.0,,15.0,0.7
198,878.0,6.0,4.0,,15.0,1.21
198,878.0,9.0,4.0,,15.0,1.36
198,878.0,12.0,4.0,,15.0,2.68
198,878.0,15.0,4.0,,15.0,3.12
201,855.0,0.0,5.0,50.0,7.0,0.0
201,855.0,1.0,5.0,50.0,7.0,0.53
201,855.0,2.0,5.0,50.0,7.0,1.49
201,855.0,3.0,5.0,50.0,7.0,3.13
201,855.0,4.0,5.0,50.0,7.0,6.46
201,855.0,5.0,5.0,50.0,7.0,9.3
201,855.0,6.0,5.0,50.0,7.0,9.46
201,855.0,7.0,5.0,50.0,7.0,9.71
201,857.0,0.0,5.0,50.0,7.0,0.0
201,857.0,1.0,5.0,50.0,7.0,0.73
201,857.0,2.0,5.0,50.0,7.0,1.38
201,857.0,3.0,5.0,50.0,7.0,2.84
201,857.0,4.0,5.0,50.0,7.0,4.38
201,857.0,5.0,5.0,50.0,7.0,5.22
201,857.0,6.0,5.0,50.0,7.0,5.31
201,857.0,7.0,5.0,50.0,7.0,5.38
199,853.0,0.0,4.0,,10.0,0.0
199,853.0,1.0,4.0,,10.0,0.34
199,853.0,4.0,4.0,,10.0,1.48
199,853.0,7.0,4.0,,10.0,2.61
199,853.0,10.0,4.0,,10.0,3.72
199,876.0,0.0,4.0,,10.0,0.0
199,876.0,1.0,4.0,,10.0,0.27
199,876.0,4.0,4.0,,10.0,0.78
199,876.0,7.0,4.0,,10.0,1.95
199,876.0,10.0,4.0,,10.0,3.24
198,879.0,0.0,4.0,,15.0,0.0
198,879.0,3.0,4.0,,15.0,0.66
198,879.0,6.0,4.0,,15.0,1.21
198,879.0,9.0,4.0,,15.0,1.36
198,879.0,12.0,4.0,,15.0,2.68
198,879.0,15.0,4.0,,15.0,3.12
198,880.0,0.0,4.0,,15.0,0.0
198,880.0,3.0,4.0,,15.0,0.37
198,880.0,6.0,4.0,,15.0,0.92
198,880.0,9.0,4.0,,15.0,1.17
198,880.0,12.0,4.0,,15.0,1.87
198,880.0,15.0,4.0,,15.0,2.24
198,881.0,0.0,4.0,,15.0,0.0
198,881.0,3.0,4.0,,15.0,0.18
198,881.0,6.0,4.0,,15.0,0.7
198,881.0,9.0,4.0,,15.0,1.03
198,881.0,12.0,4.0,,15.0,1.36
198,881.0,15.0,4.0,,15.0,1.72
201,858.0,0.0,5.0,50.0,7.0,0.0
201,858.0,1.0,5.0,50.0,7.0,0.22
201,858.0,2.0,5.0,50.0,7.0,0.9
201,858.0,3.0,5.0,50.0,7.0,1.51
201,858.0,4.0,5.0,50.0,7.0,1.89
201,858.0,5.0,5.0,50.0,7.0,2.8
201,858.0,6.0,5.0,50.0,7.0,2.83
201,858.0,7.0,5.0,50.0,7.0,2.9
203,863.0,0.0,4.0,,14.0,0.0
203,863.0,1.0,4.0,,14.0,6.11
203,863.0,7.0,4.0,,14.0,43.1
203,863.0,14.0,4.0,,14.0,49.41
203,864.0,0.0,4.0,,14.0,0.0
203,864.0,1.0,4.0,,14.0,4.91
203,864.0,7.0,4.0,,14.0,35.04
203,864.0,14.0,4.0,,14.0,40.15
203,865.0,0.0,4.0,,14.0,0.0
203,865.0,1.0,4.0,,14.0,3.59
203,865.0,7.0,4.0,,14.0,24.7
203,865.0,14.0,4.0,,14.0,28.49
203,866.0,0.0,4.0,,14.0,0.0
203,867.0,0.0,4.0,,14.0,0.0
203,867.0,1.0,4.0,,14.0,1.79
203,867.0,7.0,4.0,,14.0,13.28
203,867.0,14.0,4.0,,14.0,15.62
203,868.0,0.0,4.0,,14.0,0.0
203,868.0,1.0,4.0,,14.0,3.11
203,868.0,7.0,4.0,,14.0,18.33
203,868.0,14.0,4.0,,14.0,21.15
204,869.0,0.0,25.0,,3.0,0.0
204,869.0,1.0,25.0,,3.0,5.59
204,869.0,2.0,25.0,,3.0,11.09
204,869.0,3.0,25.0,,3.0,16.64
204,870.0,0.0,25.0,,3.0,0.0
204,870.0,1.0,25.0,,3.0,5.92
204,870.0,2.0,25.0,,3.0,10.75
204,870.0,3.0,25.0,,3.0,15.24
204,874.0,0.0,25.0,,3.0,0.0
204,874.0,1.0,25.0,,3.0,3.62
204,874.0,2.0,25.0,,3.0,8.78
204,874.0,3.0,25.0,,3.0,13.47
206,884.0,1.0,25.0,50.0,5.0,4.01
206,884.0,2.0,25.0,50.0,5.0,5.26
206,884.0,3.0,25.0,50.0,5.0,7.3
206,884.0,4.0,25.0,50.0,5.0,12.71
206,884.0,5.0,25.0,50.0,5.0,17.16
206,884.0,6.0,25.0,50.0,5.0,21.94
206,884.0,7.0,25.0,50.0,5.0,26.41
206,885.0,1.0,25.0,50.0,5.0,5.1
206,885.0,2.0,25.0,50.0,5.0,6.62
206,885.0,3.0,25.0,50.0,5.0,9.33
206,885.0,4.0,25.0,50.0,5.0,15.65
206,885.0,5.0,25.0,50.0,5.0,20.57
206,885.0,6.0,25.0,50.0,5.0,26.09
206,885.0,7.0,25.0,50.0,5.0,32.71
206,886.0,1.0,25.0,50.0,5.0,3.55
206,886.0,2.0,25.0,50.0,5.0,4.77
206,886.0,3.0,25.0,50.0,5.0,6.72
206,886.0,4.0,25.0,50.0,5.0,11.72
206,886.0,5.0,25.0,50.0,5.0,15.89
206,886.0,6.0,25.0,50.0,5.0,20.26
206,886.0,7.0,25.0,50.0,5.0,24.42
206,887.0,1.0,25.0,50.0,5.0,3.83
206,887.0,2.0,25.0,50.0,5.0,4.97
206,887.0,3.0,25.0,50.0,5.0,6.94
206,887.0,4.0,25.0,50.0,5.0,11.83
206,887.0,5.0,25.0,50.0,5.0,16.46
206,887.0,6.0,25.0,50.0,5.0,21.6
206,887.0,7.0,25.0,50.0,5.0,29.96
206,888.0,1.0,25.0,50.0,5.0,4.3
206,888.0,2.0,25.0,50.0,5.0,5.57
206,888.0,3.0,25.0,50.0,5.0,7.67
206,888.0,4.0,25.0,50.0,5.0,12.58
206,888.0,5.0,25.0,50.0,5.0,16.66
206,888.0,6.0,25.0,50.0,5.0,21.07
206,888.0,7.0,25.0,50.0,5.0,25.29
206,889.0,1.0,25.0,50.0,5.0,4.78
206,889.0,2.0,25.0,50.0,5.0,6.08
206,889.0,3.0,25.0,50.0,5.0,8.13
206,889.0,4.0,25.0,50.0,5.0,13.86
206,889.0,5.0,25.0,50.0,5.0,19.3
206,889.0,6.0,25.0,50.0,5.0,25.98
206,889.0,7.0,25.0,50.0,5.0,32.18
206,890.0,1.0,25.0,50.0,5.0,4.23
206,890.0,2.0,25.0,50.0,5.0,5.55
206,890.0,3.0,25.0,50.0,5.0,7.28
206,890.0,4.0,25.0,50.0,5.0,13.27
206,890.0,5.0,25.0,50.0,5.0,18.31
206,890.0,6.0,25.0,50.0,5.0,24.63
206,890.0,7.0,25.0,50.0,5.0,31.4
206,891.0,1.0,25.0,50.0,5.0,4.54
206,891.0,2.0,25.0,50.0,5.0,5.83
206,891.0,3.0,25.0,50.0,5.0,7.59
206,891.0,4.0,25.0,50.0,5.0,13.85
206,891.0,5.0,25.0,50.0,5.0,18.93
206,891.0,6.0,25.0,50.0,5.0,24.46
206,891.0,7.0,25.0,50.0,5.0,30.02
206,892.0,1.0,25.0,50.0,5.0,4.6
206,892.0,2.0,25.0,50.0,5.0,5.97
206,892.0,3.0,25.0,50.0,5.0,7.66
206,892.0,4.0,25.0,50.0,5.0,12.97
206,892.0,5.0,25.0,50.0,5.0,17.58
206,892.0,6.0,25.0,50.0,5.0,22.38
206,892.0,7.0,25.0,50.0,5.0,27.18
206,893.0,1.0,25.0,50.0,5.0,4.38
206,893.0,2.0,25.0,50.0,5.0,5.59
206,893.0,3.0,25.0,50.0,5.0,7.21
206,893.0,4.0,25.0,50.0,5.0,12.58
206,893.0,5.0,25.0,50.0,5.0,17.34
206,893.0,6.0,25.0,50.0,5.0,22.36
206,893.0,7.0,25.0,50.0,5.0,27.58
207,907.0,0.0,25.0,50.0,10.0,0.0
207,907.0,1.0,25.0,50.0,10.0,1.14
207,907.0,2.0,25.0,50.0,10.0,2.51
207,907.0,3.0,25.0,50.0,10.0,3.77
207,907.0,4.0,25.0,50.0,10.0,4.59
207,907.0,5.0,25.0,50.0,10.0,6.67
207,907.0,6.0,25.0,50.0,10.0,8.99
207,907.0,7.0,25.0,50.0,10.0,11.7
207,907.0,8.0,25.0,50.0,10.0,13.54
207,907.0,9.0,25.0,50.0,10.0,15.36
207,907.0,10.0,25.0,50.0,10.0,17.29
207,908.0,0.0,25.0,50.0,10.0,0.0
207,908.0,1.0,25.0,50.0,10.0,1.32
207,908.0,2.0,25.0,50.0,10.0,3.12
207,909.0,0.0,25.0,50.0,10.0,0.0
207,909.0,1.0,25.0,50.0,10.0,4.52
207,909.0,2.0,25.0,50.0,10.0,11.29
207,910.0,0.0,25.0,50.0,10.0,0.0
207,910.0,1.0,25.0,50.0,10.0,1.61
207,910.0,2.0,25.0,50.0,10.0,2.66
207,910.0,3.0,25.0,50.0,10.0,4.13
207,910.0,4.0,25.0,50.0,10.0,5.31
207,910.0,5.0,25.0,50.0,10.0,6.7
207,910.0,6.0,25.0,50.0,10.0,9.28
207,910.0,7.0,25.0,50.0,10.0,12.29
207,910.0,8.0,25.0,50.0,10.0,17.33
207,910.0,9.0,25.0,50.0,10.0,27.69
207,910.0,10.0,25.0,50.0,10.0,30.76
207,912.0,0.0,25.0,50.0,10.0,0.0
207,912.0,1.0,25.0,50.0,10.0,2.56
207,912.0,2.0,25.0,50.0,10.0,3.92
207,912.0,3.0,25.0,50.0,10.0,5.47
207,912.0,4.0,25.0,50.0,10.0,7.34
207,912.0,5.0,25.0,50.0,10.0,9.69
207,912.0,6.0,25.0,50.0,10.0,11.1
207,912.0,7.0,25.0,50.0,10.0,12.67
207,912.0,8.0,25.0,50.0,10.0,16.23
207,912.0,9.0,25.0,50.0,10.0,18.94
207,912.0,10.0,25.0,50.0,10.0,29.07
207,913.0,0.0,25.0,50.0,10.0,0.0
207,913.0,1.0,25.0,50.0,10.0,6.12
207,913.0,2.0,25.0,50.0,10.0,16.01
207,914.0,0.0,25.0,50.0,10.0,0.0
207,914.0,1.0,25.0,50.0,10.0,1.73
207,914.0,2.0,25.0,50.0,10.0,2.67
207,914.0,3.0,25.0,50.0,10.0,4.41
207,914.0,4.0,25.0,50.0,10.0,5.9
207,915.0,0.0,25.0,50.0,10.0,0.0
207,915.0,1.0,25.0,50.0,10.0,4.54
207,915.0,2.0,25.0,50.0,10.0,13.21
207,916.0,0.0,25.0,50.0,10.0,0.0
207,916.0,1.0,25.0,50.0,10.0,5.03
207,916.0,2.0,25.0,50.0,10.0,9.05
207,916.0,3.0,25.0,50.0,10.0,11.49
207,916.0,4.0,25.0,50.0,10.0,13.77
207,916.0,5.0,25.0,50.0,10.0,23.96
207,916.0,6.0,25.0,50.0,10.0,25.74
207,916.0,7.0,25.0,50.0,10.0,29.49
207,916.0,8.0,25.0,50.0,10.0,38.47
207,916.0,9.0,25.0,50.0,10.0,55.07
207,916.0,10.0,25.0,50.0,10.0,57.99
207,917.0,0.0,25.0,50.0,10.0,0.0
207,917.0,1.0,25.0,50.0,10.0,1.48
207,917.0,2.0,25.0,50.0,10.0,5.25
208,924.0,0.0,4.0,80.0,15.0,0.0
208,924.0,1.0,4.0,80.0,15.0,0.19
208,924.0,2.0,4.0,80.0,15.0,0.43
208,924.0,3.0,4.0,80.0,15.0,0.7
208,924.0,4.0,4.0,80.0,15.0,0.91
208,924.0,5.0,4.0,80.0,15.0,1.08
208,924.0,6.0,4.0,80.0,15.0,1.29
208,924.0,7.0,4.0,80.0,15.0,1.7
208,924.0,8.0,4.0,80.0,15.0,2.38
208,924.0,9.0,4.0,80.0,15.0,2.5
208,924.0,10.0,4.0,80.0,15.0,2.65
208,924.0,15.0,4.0,80.0,15.0,3.17
208,925.0,0.0,4.0,80.0,15.0,0.0
208,925.0,1.0,4.0,80.0,15.0,0.87
208,925.0,2.0,4.0,80.0,15.0,1.78
208,925.0,3.0,4.0,80.0,15.0,1.89
208,925.0,4.0,4.0,80.0,15.0,2.68
208,925.0,5.0,4.0,80.0,15.0,3.19
208,925.0,6.0,4.0,80.0,15.0,3.43
208,925.0,7.0,4.0,80.0,15.0,3.72
208,925.0,8.0,4.0,80.0,15.0,3.94
208,925.0,9.0,4.0,80.0,15.0,4.13
208,925.0,10.0,4.0,80.0,15.0,4.35
208,925.0,15.0,4.0,80.0,15.0,4.91
208,926.0,0.0,4.0,80.0,15.0,0.0
208,926.0,1.0,4.0,80.0,15.0,1.04
208,926.0,2.0,4.0,80.0,15.0,2.3
208,926.0,3.0,4.0,80.0,15.0,3.01
208,926.0,4.0,4.0,80.0,15.0,4.63
208,926.0,5.0,4.0,80.0,15.0,6.09
208,926.0,6.0,4.0,80.0,15.0,6.97
208,926.0,7.0,4.0,80.0,15.0,8.14
208,926.0,8.0,4.0,80.0,15.0,9.29
208,926.0,9.0,4.0,80.0,15.0,10.86
208,926.0,10.0,4.0,80.0,15.0,12.2
208,926.0,15.0,4.0,80.0,15.0,17.12
208,927.0,0.0,4.0,80.0,15.0,0.0
208,927.0,1.0,4.0,80.0,15.0,0.46
208,927.0,2.0,4.0,80.0,15.0,0.78
208,927.0,3.0,4.0,80.0,15.0,1.25
208,927.0,4.0,4.0,80.0,15.0,2.33
208,927.0,5.0,4.0,80.0,15.0,3.06
208,927.0,6.0,4.0,80.0,15.0,3.27
208,927.0,7.0,4.0,80.0,15.0,3.46
208,927.0,8.0,4.0,80.0,15.0,3.68
208,927.0,9.0,4.0,80.0,15.0,3.76
208,927.0,10.0,4.0,80.0,15.0,3.86
208,927.0,15.0,4.0,80.0,15.0,4.41
208,929.0,0.0,4.0,80.0,15.0,0.0
208,929.0,1.0,4.0,80.0,15.0,0.28
208,929.0,2.0,4.0,80.0,15.0,0.48
208,929.0,3.0,4.0,80.0,15.0,0.95
208,929.0,4.0,4.0,80.0,15.0,1.34
208,929.0,5.0,4.0,80.0,15.0,1.5
208,929.0,6.0,4.0,80.0,15.0,1.76
208,929.0,7.0,4.0,80.0,15.0,2.43
208,929.0,8.0,4.0,80.0,15.0,2.62
208,929.0,9.0,4.0,80.0,15.0,2.82
208,929.0,10.0,4.0,80.0,15.0,2.97
208,929.0,15.0,4.0,80.0,15.0,3.9
208,930.0,0.0,4.0,80.0,15.0,0.0
208,930.0,1.0,4.0,80.0,15.0,0.24
208,930.0,2.0,4.0,80.0,15.0,0.52
208,930.0,3.0,4.0,80.0,15.0,1.1
208,930.0,4.0,4.0,80.0,15.0,1.4
208,930.0,5.0,4.0,80.0,15.0,1.46
208,930.0,6.0,4.0,80.0,15.0,1.66
208,930.0,7.0,4.0,80.0,15.0,2.1
208,930.0,8.0,4.0,80.0,15.0,2.55
208,930.0,9.0,4.0,80.0,15.0,2.64
208,930.0,10.0,4.0,80.0,15.0,2.76
208,930.0,15.0,4.0,80.0,15.0,3.17
208,931.0,0.0,4.0,80.0,15.0,0.0
208,931.0,1.0,4.0,80.0,15.0,0.45
208,931.0,2.0,4.0,80.0,15.0,0.87
208,931.0,3.0,4.0,80.0,15.0,3.03
208,931.0,4.0,4.0,80.0,15.0,5.3
208,931.0,5.0,4.0,80.0,15.0,5.94
208,931.0,6.0,4.0,80.0,15.0,7.3
208,931.0,7.0,4.0,80.0,15.0,8.76
208,931.0,8.0,4.0,80.0,15.0,9.75
208,931.0,9.0,4.0,80.0,15.0,11.42
208,931.0,10.0,4.0,80.0,15.0,12.32
208,931.0,15.0,4.0,80.0,15.0,15.66
208,932.0,0.0,4.0,80.0,15.0,0.0
208,932.0,1.0,4.0,80.0,15.0,0.98
208,932.0,2.0,4.0,80.0,15.0,2.19
208,932.0,3.0,4.0,80.0,15.0,5.96
208,932.0,4.0,4.0,80.0,15.0,8.89
208,932.0,5.0,4.0,80.0,15.0,10.7
208,932.0,6.0,4.0,80.0,15.0,12.76
208,932.0,7.0,4.0,80.0,15.0,15.13
208,932.0,8.0,4.0,80.0,15.0,16.27
208,932.0,9.0,4.0,80.0,15.0,18.5
208,932.0,10.0,4.0,80.0,15.0,19.94
208,932.0,15.0,4.0,80.0,15.0,23.62
208,933.0,0.0,4.0,80.0,15.0,0.0
208,933.0,1.0,4.0,80.0,15.0,0.23
208,933.0,2.0,4.0,80.0,15.0,0.5
208,933.0,3.0,4.0,80.0,15.0,1.1
208,933.0,4.0,4.0,80.0,15.0,1.21
208,933.0,5.0,4.0,80.0,15.0,1.37
208,933.0,6.0,4.0,80.0,15.0,1.71
208,933.0,7.0,4.0,80.0,15.0,1.95
208,933.0,8.0,4.0,80.0,15.0,2.17
208,933.0,9.0,4.0,80.0,15.0,2.29
208,933.0,10.0,4.0,80.0,15.0,2.34
208,933.0,15.0,4.0,80.0,15.0,2.91
208,935.0,0.0,4.0,80.0,15.0,0.0
208,935.0,1.0,4.0,80.0,15.0,0.55
208,935.0,2.0,4.0,80.0,15.0,1.71
208,935.0,3.0,4.0,80.0,15.0,4.6
208,935.0,4.0,4.0,80.0,15.0,6.65
208,935.0,5.0,4.0,80.0,15.0,8.91
208,935.0,6.0,4.0,80.0,15.0,12.49
208,935.0,7.0,4.0,80.0,15.0,15.11
208,935.0,8.0,4.0,80.0,15.0,16.7
208,935.0,9.0,4.0,80.0,15.0,19.5
208,935.0,10.0,4.0,80.0,15.0,20.76
208,935.0,15.0,4.0,80.0,15.0,24.92
209,949.0,0.0,25.0,50.0,10.0,0.0
209,949.0,1.0,25.0,50.0,10.0,7.34
209,949.0,2.0,25.0,50.0,10.0,11.71
209,949.0,3.0,25.0,50.0,10.0,16.85
209,949.0,4.0,25.0,50.0,10.0,20.89
209,949.0,5.0,25.0,50.0,10.0,25.55
209,949.0,6.0,25.0,50.0,10.0,28.84
209,949.0,7.0,25.0,50.0,10.0,30.77
209,949.0,8.0,25.0,50.0,10.0,32.58
209,949.0,9.0,25.0,50.0,10.0,34.88
209,950.0,0.0,25.0,50.0,10.0,0.0
209,950.0,1.0,25.0,50.0,10.0,20.65
209,950.0,2.0,25.0,50.0,10.0,33.05
209,950.0,3.0,25.0,50.0,10.0,48.2
209,950.0,4.0,25.0,50.0,10.0,57.05
209,950.0,5.0,25.0,50.0,10.0,66.35
209,950.0,6.0,25.0,50.0,10.0,73.05
209,950.0,7.0,25.0,50.0,10.0,74.18
209,950.0,8.0,25.0,50.0,10.0,75.45
209,950.0,9.0,25.0,50.0,10.0,76.95
209,951.0,0.0,25.0,50.0,10.0,0.0
209,951.0,1.0,25.0,50.0,10.0,23.68
209,951.0,2.0,25.0,50.0,10.0,34.86
209,951.0,3.0,25.0,50.0,10.0,47.21
209,951.0,4.0,25.0,50.0,10.0,55.99
209,951.0,5.0,25.0,50.0,10.0,63.6
209,951.0,6.0,25.0,50.0,10.0,70.31
209,951.0,7.0,25.0,50.0,10.0,71.73
209,951.0,8.0,25.0,50.0,10.0,73.13
209,951.0,9.0,25.0,50.0,10.0,74.49
209,952.0,0.0,25.0,50.0,10.0,0.0
209,952.0,1.0,25.0,50.0,10.0,17.84
209,952.0,2.0,25.0,50.0,10.0,24.54
209,952.0,3.0,25.0,50.0,10.0,34.23
209,952.0,4.0,25.0,50.0,10.0,40.24
209,952.0,5.0,25.0,50.0,10.0,47.73
209,952.0,6.0,25.0,50.0,10.0,53.12
209,952.0,7.0,25.0,50.0,10.0,54.78
209,952.0,8.0,25.0,50.0,10.0,56.74
209,952.0,9.0,25.0,50.0,10.0,58.94
209,953.0,0.0,25.0,50.0,10.0,0.0
209,953.0,1.0,25.0,50.0,10.0,11.41
209,953.0,2.0,25.0,50.0,10.0,17.14
209,953.0,3.0,25.0,50.0,10.0,23.38
209,953.0,4.0,25.0,50.0,10.0,28.03
209,953.0,5.0,25.0,50.0,10.0,33.48
209,953.0,6.0,25.0,50.0,10.0,37.63
209,953.0,7.0,25.0,50.0,10.0,39.87
209,953.0,8.0,25.0,50.0,10.0,41.96
209,953.0,9.0,25.0,50.0,10.0,44.59
209,954.0,0.0,25.0,50.0,10.0,0.0
209,954.0,1.0,25.0,50.0,10.0,16.45
209,954.0,2.0,25.0,50.0,10.0,25.23
209,954.0,3.0,25.0,50.0,10.0,35.25
209,954.0,4.0,25.0,50.0,10.0,43.33
209,954.0,5.0,25.0,50.0,10.0,51.66
209,954.0,6.0,25.0,50.0,10.0,57.98
209,954.0,7.0,25.0,50.0,10.0,60.33
209,954.0,8.0,25.0,50.0,10.0,62.18
209,954.0,9.0,25.0,50.0,10.0,64.5
209,955.0,0.0,25.0,50.0,10.0,0.0
209,955.0,1.0,25.0,50.0,10.0,22.18
209,955.0,2.0,25.0,50.0,10.0,34.0
209,955.0,3.0,25.0,50.0,10.0,45.1
209,955.0,4.0,25.0,50.0,10.0,53.66
209,955.0,5.0,25.0,50.0,10.0,62.41
209,955.0,6.0,25.0,50.0,10.0,69.16
209,955.0,7.0,25.0,50.0,10.0,70.66
209,955.0,8.0,25.0,50.0,10.0,72.11
209,955.0,9.0,25.0,50.0,10.0,73.31
209,956.0,0.0,25.0,50.0,10.0,0.0
209,956.0,1.0,25.0,50.0,10.0,7.66
209,956.0,2.0,25.0,50.0,10.0,11.96
209,956.0,3.0,25.0,50.0,10.0,16.8
209,956.0,4.0,25.0,50.0,10.0,20.5
209,956.0,5.0,25.0,50.0,10.0,25.16
209,956.0,6.0,25.0,50.0,10.0,28.61
209,956.0,7.0,25.0,50.0,10.0,30.72
209,956.0,8.0,25.0,50.0,10.0,32.84
209,956.0,9.0,25.0,50.0,10.0,35.34
209,957.0,0.0,25.0,50.0,10.0,0.0
209,957.0,1.0,25.0,50.0,10.0,6.2
209,957.0,2.0,25.0,50.0,10.0,9.84
209,957.0,3.0,25.0,50.0,10.0,14.32
209,957.0,4.0,25.0,50.0,10.0,17.62
209,957.0,5.0,25.0,50.0,10.0,21.83
209,957.0,6.0,25.0,50.0,10.0,25.44
209,957.0,7.0,25.0,50.0,10.0,27.56
209,957.0,8.0,25.0,50.0,10.0,29.28
209,957.0,9.0,25.0,50.0,10.0,31.55
209,958.0,0.0,25.0,50.0,10.0,0.0
209,958.0,1.0,25.0,50.0,10.0,6.32
209,958.0,2.0,25.0,50.0,10.0,10.54
209,958.0,3.0,25.0,50.0,10.0,15.91
209,958.0,4.0,25.0,50.0,10.0,19.95
209,958.0,5.0,25.0,50.0,10.0,25.13
209,958.0,6.0,25.0,50.0,10.0,29.81
209,958.0,7.0,25.0,50.0,10.0,32.34
209,958.0,8.0,25.0,50.0,10.0,34.59
209,958.0,9.0,25.0,50.0,10.0,37.36
209,959.0,0.0,25.0,50.0,10.0,0.0
209,959.0,1.0,25.0,50.0,10.0,7.95
209,959.0,2.0,25.0,50.0,10.0,12.52
209,959.0,3.0,25.0,50.0,10.0,17.85
209,959.0,4.0,25.0,50.0,10.0,21.76
209,959.0,5.0,25.0,50.0,10.0,26.39
209,959.0,6.0,25.0,50.0,10.0,29.92
209,959.0,7.0,25.0,50.0,10.0,32.11
209,959.0,8.0,25.0,50.0,10.0,34.17
209,959.0,9.0,25.0,50.0,10.0,36.89
209,960.0,0.0,25.0,50.0,10.0,0.0
209,960.0,1.0,25.0,50.0,10.0,6.91
209,960.0,2.0,25.0,50.0,10.0,10.86
209,960.0,3.0,25.0,50.0,10.0,15.52
209,960.0,4.0,25.0,50.0,10.0,18.98
209,960.0,5.0,25.0,50.0,10.0,23.19
209,960.0,6.0,25.0,50.0,10.0,26.29
209,960.0,7.0,25.0,50.0,10.0,28.12
209,960.0,8.0,25.0,50.0,10.0,29.78
209,960.0,9.0,25.0,50.0,10.0,31.91
209,961.0,0.0,25.0,50.0,10.0,0.0
209,961.0,1.0,25.0,50.0,10.0,8.01
209,961.0,2.0,25.0,50.0,10.0,12.62
209,961.0,3.0,25.0,50.0,10.0,18.29
209,961.0,4.0,25.0,50.0,10.0,22.95
209,961.0,5.0,25.0,50.0,10.0,28.41
209,961.0,6.0,25.0,50.0,10.0,32.74
209,961.0,7.0,25.0,50.0,10.0,35.81
209,961.0,8.0,25.0,50.0,10.0,39.28
209,961.0,9.0,25.0,50.0,10.0,43.07
210,965.0,0.0,25.0,50.0,7.0,0.0
210,965.0,1.0,25.0,50.0,7.0,1.29
210,965.0,2.0,25.0,50.0,7.0,2.73
210,965.0,3.0,25.0,50.0,7.0,4.04
210,965.0,4.0,25.0,50.0,7.0,6.23
210,965.0,5.0,25.0,50.0,7.0,7.57
210,965.0,6.0,25.0,50.0,7.0,9.52
210,965.0,7.0,25.0,50.0,7.0,11.5
210,966.0,0.0,25.0,50.0,7.0,0.0
210,966.0,1.0,25.0,50.0,7.0,1.91
210,966.0,2.0,25.0,50.0,7.0,3.99
210,966.0,3.0,25.0,50.0,7.0,6.76
210,967.0,0.0,25.0,50.0,7.0,0.0
210,967.0,1.0,25.0,50.0,7.0,1.59
210,967.0,2.0,25.0,50.0,7.0,3.5
210,967.0,3.0,25.0,50.0,7.0,4.75
210,967.0,4.0,25.0,50.0,7.0,8.0
210,967.0,5.0,25.0,50.0,7.0,12.7
210,968.0,0.0,25.0,50.0,7.0,0.0
210,968.0,1.0,25.0,50.0,7.0,2.19
210,968.0,2.0,25.0,50.0,7.0,3.28
210,968.0,3.0,25.0,50.0,7.0,5.14
210,968.0,4.0,25.0,50.0,7.0,6.28
210,968.0,5.0,25.0,50.0,7.0,7.34
210,968.0,6.0,25.0,50.0,7.0,8.7
210,968.0,7.0,25.0,50.0,7.0,10.18
210,969.0,0.0,25.0,50.0,7.0,0.0
210,969.0,1.0,25.0,50.0,7.0,2.22
210,969.0,2.0,25.0,50.0,7.0,3.63
210,969.0,3.0,25.0,50.0,7.0,4.82
210,969.0,4.0,25.0,50.0,7.0,5.93
210,969.0,5.0,25.0,50.0,7.0,7.73
210,969.0,6.0,25.0,50.0,7.0,9.0
210,969.0,7.0,25.0,50.0,7.0,10.65
210,970.0,0.0,25.0,50.0,7.0,0.0
210,970.0,1.0,25.0,50.0,7.0,2.33
210,970.0,2.0,25.0,50.0,7.0,3.48
210,970.0,3.0,25.0,50.0,7.0,4.85
210,970.0,4.0,25.0,50.0,7.0,6.08
210,970.0,5.0,25.0,50.0,7.0,7.42
210,970.0,6.0,25.0,50.0,7.0,9.14
210,971.0,0.0,25.0,50.0,7.0,0.0
210,971.0,1.0,25.0,50.0,7.0,1.56
210,971.0,2.0,25.0,50.0,7.0,2.86
210,971.0,3.0,25.0,50.0,7.0,4.35
210,971.0,4.0,25.0,50.0,7.0,5.39
210,971.0,5.0,25.0,50.0,7.0,8.16
210,972.0,0.0,25.0,50.0,7.0,0.0
210,972.0,1.0,25.0,50.0,7.0,1.69
210,972.0,2.0,25.0,50.0,7.0,3.39
210,972.0,3.0,25.0,50.0,7.0,4.73
210,972.0,4.0,25.0,50.0,7.0,5.9
210,972.0,5.0,25.0,50.0,7.0,7.24
210,972.0,6.0,25.0,50.0,7.0,9.51
210,972.0,7.0,25.0,50.0,7.0,12.02
210,973.0,0.0,25.0,50.0,7.0,0.0
210,973.0,1.0,25.0,50.0,7.0,1.82
210,973.0,2.0,25.0,50.0,7.0,3.06
210,973.0,3.0,25.0,50.0,7.0,5.4
210,973.0,4.0,25.0,50.0,7.0,6.58
210,973.0,5.0,25.0,50.0,7.0,8.78
210,973.0,6.0,25.0,50.0,7.0,10.42
210,973.0,7.0,25.0,50.0,7.0,12.04
210,974.0,0.0,25.0,50.0,7.0,0.0
210,974.0,1.0,25.0,50.0,7.0,1.5
210,974.0,2.0,25.0,50.0,7.0,2.95
210,974.0,3.0,25.0,50.0,7.0,4.53
210,974.0,4.0,25.0,50.0,7.0,6.16
210,974.0,5.0,25.0,50.0,7.0,7.8
210,974.0,6.0,25.0,50.0,7.0,9.07
210,974.0,7.0,25.0,50.0,7.0,11.67
210,975.0,0.0,25.0,50.0,7.0,0.0
210,975.0,1.0,25.0,50.0,7.0,1.37
210,975.0,2.0,25.0,50.0,7.0,2.82
210,975.0,3.0,25.0,50.0,7.0,4.9
210,975.0,4.0,25.0,50.0,7.0,6.02
210,975.0,5.0,25.0,50.0,7.0,8.2
210,975.0,6.0,25.0,50.0,7.0,10.0
210,975.0,7.0,25.0,50.0,7.0,12.07
210,976.0,0.0,25.0,50.0,7.0,0.0
210,976.0,1.0,25.0,50.0,7.0,1.35
210,976.0,2.0,25.0,50.0,7.0,3.72
210,976.0,3.0,25.0,50.0,7.0,5.59
210,976.0,4.0,25.0,50.0,7.0,6.58
210,976.0,5.0,25.0,50.0,7.0,8.48
210,976.0,6.0,25.0,50.0,7.0,10.41
210,976.0,7.0,25.0,50.0,7.0,13.76
